,ticker,name
0,A,A (Agilent Technologies Inc)
1,AA,AA (Alcoa Corp)
2,AABA,AABA (Altaba Inc)
3,AAL,AAL (American Airlines Group Inc)
4,AAN,AAN (Aaron's Inc)
5,AAON,AAON (AAON Inc)
6,AAP,AAP (Advance Auto Parts Inc)
7,AAPL,AAPL (Apple Inc)
8,AAT,AAT (American Assets Trust Inc)
9,AAWW,AAWW (Atlas Air Worldwide Holdings Inc)
10,AAXN,AAXN (Axon Enterprise Inc)
11,AB,AB (AllianceBernstein Holding LP)
12,ABBV,ABBV (AbbVie Inc)
13,ABC,ABC (AmerisourceBergen Corp)
14,ABCB,ABCB (Ameris Bancorp)
15,ABG,ABG (Asbury Automotive Group Inc)
16,ABM,ABM (ABM Industries Inc)
17,ABMD,ABMD (Abiomed Inc)
18,ABR,ABR (Arbor Realty Trust Inc)
19,ABT,ABT (Abbott Laboratories)
20,ABTX,ABTX (Allegiance Bancshares Inc)
21,AC,AC (Associated Capital Group Inc)
22,ACAD,ACAD (ACADIA Pharmaceuticals Inc)
23,ACC,ACC (American Campus Communities Inc)
24,ACCO,ACCO (ACCO Brands Corp)
25,ACGL,ACGL (Arch Capital Group Ltd)
26,ACHC,ACHC (Acadia Healthcare Company Inc)
27,ACIA,ACIA (Acacia Communications Inc)
28,ACIW,ACIW (ACI Worldwide Inc)
29,ACLS,ACLS (Axcelis Technologies Inc)
30,ACM,ACM (AECOM)
31,ACN,ACN (Accenture PLC)
32,ACOR,ACOR (Acorda Therapeutics Inc)
33,ACV,ACV (AllianzGI Diversified Income & Convertible Fund)
34,ADAP,ADAP (Adaptimmune Therapeutics PLC)
35,ADBE,ADBE (Adobe Systems Inc)
36,ADC,ADC (Agree Realty Corp)
37,ADI,ADI (Analog Devices Inc)
38,ADM,ADM (Archer Daniels Midland Co)
39,ADNT,ADNT (Adient PLC)
40,ADP,ADP (Automatic Data Processing Inc)
41,ADRO,ADRO (Aduro Biotech Inc)
42,ADS,ADS (Alliance Data Systems Corp)
43,ADSK,ADSK (Autodesk Inc)
44,ADSW,ADSW (Advanced Disposal Services Inc)
45,ADT,ADT (ADT Inc)
46,ADTN,ADTN (ADTRAN Inc)
47,ADUS,ADUS (Addus Homecare Corp)
48,AEE,AEE (Ameren Corp)
49,AEGN,AEGN (Aegion Corp)
50,AEIS,AEIS (Advanced Energy Industries Inc)
51,AEL,AEL (American Equity Investment Life Holding Co)
52,AEO,AEO (American Eagle Outfitters Inc)
53,AEP,AEP (American Electric Power Company Inc)
54,AERI,AERI (Aerie Pharmaceuticals Inc)
55,AES,AES (AES Corp)
56,AFG,AFG (American Financial Group Inc)
57,AFL,AFL (Aflac Inc)
58,AGCO,AGCO (AGCO Corp)
59,AGIO,AGIO (Agios Pharmaceuticals Inc)
60,AGM,AGM (Federal Agricultural Mortgage Corp)
61,AGN,AGN (Allergan plc)
62,AGNC,AGNC (AGNC Investment Corp)
63,AGO,AGO (Assured Guaranty Ltd)
64,AGR,AGR (Avangrid Inc)
65,AGX,AGX (Argan Inc)
66,AHH,AHH (Armada Hoffler Properties Inc)
67,AHT,AHT (Ashford Hospitality Trust Inc)
68,AIG,AIG (American International Group Inc)
69,AIMC,AIMC (Altra Industrial Motion Corp)
70,AIMT,AIMT (Aimmune Therapeutics Inc)
71,AIN,AIN (Albany International Corp)
72,AIR,AIR (AAR Corp)
73,AIT,AIT (Applied Industrial Technologies Inc)
74,AIV,AIV (Apartment Investment and Management Co)
75,AIZ,AIZ (Assurant Inc)
76,AJG,AJG (Arthur J Gallagher & Co)
77,AJRD,AJRD (Aerojet Rocketdyne Holdings Inc)
78,AKAM,AKAM (Akamai Technologies Inc)
79,AKR,AKR (Acadia Realty Trust)
80,AKRX,AKRX (Akorn Inc)
81,AKS,AKS (AK Steel Holding Corp)
82,AKTX,AKTX (Akari Therapeutics PLC)
83,AL,AL (Air Lease Corp)
84,ALB,ALB (Albemarle Corp)
85,ALDR,ALDR (Alder Biopharmaceuticals Inc)
86,ALE,ALE (ALLETE Inc)
87,ALEX,ALEX (Alexander & Baldwin Inc)
88,ALG,ALG (Alamo Group Inc)
89,ALGN,ALGN (Align Technology Inc)
90,ALGT,ALGT (Allegiant Travel Co)
91,ALK,ALK (Alaska Air Group Inc)
92,ALKS,ALKS (Alkermes Plc)
93,ALL,ALL (Allstate Corp)
94,ALLE,ALLE (Allegion PLC)
95,ALLY,ALLY (Ally Financial Inc)
96,ALNY,ALNY (Alnylam Pharmaceuticals Inc)
97,ALRM,ALRM (Alarm.com Holdings Inc)
98,ALSN,ALSN (Allison Transmission Holdings Inc)
99,ALTR,ALTR (Altair Engineering Inc)
100,ALV,ALV (Autoliv Inc)
101,ALX,ALX (Alexander's Inc)
102,ALXN,ALXN (Alexion Pharmaceuticals Inc)
103,AM,AM (Antero Midstream Partners LP)
104,AMAG,AMAG (AMAG Pharmaceuticals Inc)
105,AMAT,AMAT (Applied Materials Inc)
106,AMBA,AMBA (Ambarella Inc)
107,AMBC,AMBC (Ambac Financial Group Inc)
108,AMC,AMC (AMC Entertainment Holdings Inc)
109,AMCX,AMCX (AMC Networks Inc)
110,AMD,AMD (Advanced Micro Devices Inc)
111,AME,AME (Ametek Inc)
112,AMED,AMED (Amedisys Inc)
113,AMG,AMG (Affiliated Managers Group Inc)
114,AMGN,AMGN (Amgen Inc)
115,AMH,AMH (American Homes 4 Rent)
116,AMKR,AMKR (Amkor Technology Inc)
117,AMN,AMN (AMN Healthcare Services Inc)
118,AMP,AMP (Ameriprise Financial Inc)
119,AMPH,AMPH (Amphastar Pharmaceuticals Inc)
120,AMRC,AMRC (Ameresco Inc)
121,AMSF,AMSF (Amerisafe Inc)
122,AMT,AMT (American Tower Corp)
123,AMTD,AMTD (TD Ameritrade Holding Corp)
124,AMWD,AMWD (American Woodmark Corp)
125,AMZN,AMZN (Amazon.com Inc)
126,AN,AN (AutoNation Inc)
127,ANAB,ANAB (AnaptysBio Inc)
128,ANAT,ANAT (American National Insurance Co)
129,ANDE,ANDE (Andersons Inc)
130,ANDX,ANDX (Andeavor Logistics LP)
131,ANET,ANET (Arista Networks Inc)
132,ANF,ANF (Abercrombie & Fitch Co)
133,ANGI,ANGI (ANGI Homeservices Inc.)
134,ANGO,ANGO (AngioDynamics Inc)
135,ANIK,ANIK (Anika Therapeutics Inc)
136,ANIP,ANIP (ANI Pharmaceuticals Inc)
137,ANSS,ANSS (ANSYS Inc)
138,ANTM,ANTM (Anthem Inc)
139,AOBC,AOBC (American Outdoor Brands Corp)
140,AON,AON (Aon PLC)
141,AOS,AOS (A. O. Smith Corp)
142,APA,APA (Apache Corp)
143,APAM,APAM (Artisan Partners Asset Management Inc)
144,APC,APC (Anadarko Petroleum Corp)
145,APD,APD (Air Products and Chemicals Inc)
146,APH,APH (Amphenol Corp)
147,APLE,APLE (Apple Hospitality REIT Inc)
148,APLS,APLS (Apellis Pharmaceuticals Inc)
149,APO,APO (Apollo Global Management LLC)
150,APOG,APOG (Apogee Enterprises Inc)
151,APPF,APPF (AppFolio Inc)
152,APPN,APPN (Appian Corp)
153,APTS,APTS (Preferred Apartment Communities Inc)
154,APTV,APTV (Aptiv PLC)
155,APU,APU (Amerigas Partners LP)
156,APY,APY (Apergy Corp)
157,AQ,AQ (Aquantia Corp)
158,AR,AR (Antero Resources Corp)
159,ARA,ARA (American Renal Associates Holdings Inc)
160,ARCB,ARCB (ArcBest Corp)
161,ARCH,ARCH (Arch Coal Inc)
162,ARE,ARE (Alexandria Real Estate Equities Inc)
163,ARES,ARES (Ares Management Corp)
164,ARGO,ARGO (Argo Group International Holdings Ltd)
165,ARI,ARI (Apollo Commercial Real Estate Finance Inc)
166,ARLP,ARLP (Alliance Resource Partners LP)
167,ARMK,ARMK (Aramark)
168,ARNA,ARNA (Arena Pharmaceuticals Inc)
169,ARNC,ARNC (Arconic Inc)
170,AROC,AROC (Archrock Inc)
171,AROW,AROW (Arrow Financial Corp)
172,ARR,ARR (ARMOUR Residential REIT Inc)
173,ARRY,ARRY (Array Biopharma Inc)
174,ARW,ARW (Arrow Electronics Inc)
175,ARWR,ARWR (Arrowhead Pharmaceuticals Inc)
176,ASB,ASB (Associated Banc-Corp)
177,ASGN,ASGN (On Assignment Inc)
178,ASH,ASH (Ashland Global Holdings Inc)
179,ASIX,ASIX (AdvanSix Inc)
180,ASNA,ASNA (Ascena Retail Group Inc)
181,ASPS,ASPS (Altisource Portfolio Solutions SA)
182,ASTE,ASTE (Astec Industries Inc)
183,ATGE,ATGE (Adtalem Global Education Inc)
184,ATI,ATI (Allegheny Technologies Inc)
185,ATKR,ATKR (Atkore International Group Inc)
186,ATNI,ATNI (ATN International Inc)
187,ATNX,ATNX (Athenex Inc)
188,ATO,ATO (Atmos Energy Corp)
189,ATR,ATR (Aptargroup Inc)
190,ATRA,ATRA (Atara Biotherapeutics Inc)
191,ATRC,ATRC (AtriCure Inc)
192,ATRI,ATRI (Atrion Corp)
193,ATRS,ATRS (Antares Pharma Inc)
194,ATSG,ATSG (Air Transport Services Group Inc)
195,ATU,ATU (Actuant Corp)
196,ATUS,ATUS (Altice USA Inc)
197,ATVI,ATVI (Activision Blizzard Inc)
198,AVA,AVA (Avista Corp)
199,AVAV,AVAV (AeroVironment Inc)
200,AVB,AVB (AvalonBay Communities Inc)
201,AVD,AVD (American Vanguard Corp)
202,AVGO,AVGO (Broadcom Inc)
203,AVNS,AVNS (Halyard Health Inc)
204,AVP,AVP (Avon Products Inc)
205,AVT,AVT (Avnet Inc)
206,AVX,AVX (AVX Corp)
207,AVY,AVY (Avery Dennison Corp)
208,AWI,AWI (Armstrong World Industries Inc)
209,AWK,AWK (American Water Works Company Inc)
210,AWR,AWR (American States Water Co)
211,AX,AX (BofI Holding Inc)
212,AXDX,AXDX (Accelerate Diagnostics Inc)
213,AXE,AXE (Anixter International Inc)
214,AXGN,AXGN (AxoGen Inc)
215,AXL,AXL (American Axle & Manufacturing Holdings Inc)
216,AXP,AXP (American Express Co)
217,AXS,AXS (AXIS Capital Holdings Ltd)
218,AXTA,AXTA (Axalta Coating Systems Ltd)
219,AYI,AYI (Acuity Brands Inc)
220,AYR,AYR (Aircastle Ltd)
221,AYX,AYX (Alteryx Inc)
222,AZO,AZO (Autozone Inc)
223,AZPN,AZPN (Aspen Technology Inc)
224,AZZ,AZZ (AZZ Inc)
225,B,B (Barnes Group Inc)
226,BA,BA (Boeing Co)
227,BABY,BABY (Natus Medical Inc)
228,BAC,BAC (Bank of America Corp)
229,BAH,BAH (Booz Allen Hamilton Holding Corp)
230,BANC,BANC (Banc of California Inc)
231,BAND,BAND (Bandwidth Inc)
232,BANF,BANF (BancFirst Corp)
233,BANR,BANR (Banner Corp)
234,BAX,BAX (Baxter International Inc)
235,BBBY,BBBY (Bed Bath & Beyond Inc)
236,BBT,BBT (BB&T Corp)
237,BBX,BBX (BBX Capital Corp)
238,BBY,BBY (Best Buy Co Inc)
239,BC,BC (Brunswick Corp)
240,BCC,BCC (Boise Cascade Co)
241,BCEI,BCEI (Bonanza Creek Energy Inc)
242,BCO,BCO (Brinks Co)
243,BCOR,BCOR (Blucora Inc)
244,BCPC,BCPC (Balchem Corp)
245,BCRX,BCRX (BioCryst Pharmaceuticals Inc)
246,BDC,BDC (Belden Inc)
247,BDGE,BDGE (Bridge Bancorp Inc)
248,BDN,BDN (Brandywine Realty Trust)
249,BDX,BDX (Becton Dickinson and Co)
250,BEAT,BEAT (BioTelemetry Inc)
251,BECN,BECN (Beacon Roofing Supply Inc)
252,BEN,BEN (Franklin Resources Inc)
253,BERY,BERY (Berry Global Group Inc)
254,BF.A,BF.A (Brown-Forman Corp)
255,BFAM,BFAM (Bright Horizons Family Solutions Inc)
256,BFS,BFS (Saul Centers Inc)
257,BG,BG (Bunge Ltd)
258,BGCP,BGCP (BGC Partners Inc)
259,BGG,BGG (Briggs & Stratton Corp)
260,BGNE,BGNE (BeiGene Ltd)
261,BGS,BGS (B&G Foods Inc)
262,BHC,BHC (Bausch Health Companies Inc.)
263,BHE,BHE (Benchmark Electronics Inc)
264,BHF,BHF (Brighthouse Financial Inc)
265,BHGE,BHGE (Baker Hughes A GE Co)
266,BHLB,BHLB (Berkshire Hills Bancorp Inc)
267,BHVN,BHVN (Biohaven Pharmaceutical Holding Company Ltd)
268,BID,BID (Sotheby's)
269,BIG,BIG (Big Lots Inc)
270,BIIB,BIIB (Biogen Inc)
271,BIO,BIO (Bio Rad Laboratories Inc)
272,BJRI,BJRI (BJ's Restaurants Inc)
273,BK,BK (Bank of New York Mellon Corp)
274,BKD,BKD (Brookdale Senior Living Inc)
275,BKE,BKE (Buckle Inc)
276,BKH,BKH (Black Hills Corp)
277,BKI,"BKI (Black Knight, Inc.)"
278,BKNG,BKNG (Booking Holdings Inc)
279,BKS,BKS (Barnes & Noble Inc)
280,BKU,BKU (BankUnited Inc)
281,BL,BL (Blackline Inc)
282,BLBD,BLBD (Blue Bird Corp)
283,BLD,BLD (TopBuild Corp)
284,BLDR,BLDR (Builders FirstSource Inc)
285,BLK,BLK (BlackRock Inc)
286,BLKB,BLKB (Blackbaud Inc)
287,BLL,BLL (Ball Corp)
288,BLMN,BLMN (Bloomin' Brands Inc)
289,BLUE,BLUE (bluebird bio Inc)
290,BMCH,BMCH (BMC Stock Holdings Inc)
291,BMI,BMI (Badger Meter Inc)
292,BMRC,BMRC (Bank of Marin Bancorp)
293,BMRN,BMRN (Biomarin Pharmaceutical Inc)
294,BMS,BMS (Bemis Company Inc)
295,BMTC,BMTC (Bryn Mawr Bank Corp)
296,BMY,BMY (Bristol-Myers Squibb Co)
297,BNFT,BNFT (Benefitfocus Inc)
298,BOH,BOH (Bank of Hawaii Corp)
299,BOKF,BOKF (BOK Financial Corp)
300,BOLD,BOLD (Audentes Therapeutics Inc)
301,BOMN,BOMN (Boston Omaha Corp)
302,BOOM,BOOM (Dmc Global Inc)
303,BOOT,BOOT (Boot Barn Holdings Inc)
304,BOX,BOX (Box Inc)
305,BPFH,BPFH (Boston Private Financial Holdings Inc)
306,BPL,BPL (Buckeye Partners LP)
307,BPMC,BPMC (Blueprint Medicines Corp)
308,BPMP,BPMP (Bp Midstream Partners LP)
309,BPOP,BPOP (Popular Inc)
310,BR,BR (Broadridge Financial Solutions Inc)
311,BRC,BRC (Brady Corp)
312,BRK.A,BRK.A (Berkshire Hathaway Inc)
313,BRKL,BRKL (Brookline Bancorp Inc)
314,BRKR,BRKR (Bruker Corp)
315,BRKS,BRKS (Brooks Automation Inc)
316,BRO,BRO (Brown & Brown Inc)
317,BRSS,BRSS (Global Brass and Copper Holdings Inc)
318,BRX,BRX (Brixmor Property Group Inc)
319,BSIG,BSIG (OM Asset Management PLC)
320,BSM,BSM (Black Stone Minerals LP)
321,BSX,BSX (Boston Scientific Corp)
322,BTU,BTU (Peabody Energy Corp)
323,BURL,BURL (Burlington Stores Inc)
324,BUSE,BUSE (First Busey Corp)
325,BWA,BWA (BorgWarner Inc)
326,BWXT,BWXT (BWX Technologies Inc)
327,BX,BX (Blackstone Group LP)
328,BXG,BXG (BLUEGREEN CORP)
329,BXMT,BXMT (Blackstone Mortgage Trust Inc)
330,BXP,BXP (Boston Properties Inc)
331,BXS,BXS (Bancorpsouth Bank)
332,BY,BY (Byline Bancorp Inc)
333,BYD,BYD (Boyd Gaming Corp)
334,C,C (Citigroup Inc)
335,CABO,CABO (Cable ONE Inc)
336,CAC,CAC (Camden National Corp)
337,CACC,CACC (Credit Acceptance Corp)
338,CACI,CACI (CACI International Inc)
339,CADE,CADE (Cadence Bancorp)
340,CAG,CAG (Conagra Brands Inc)
341,CAH,CAH (Cardinal Health Inc)
342,CAKE,CAKE (Cheesecake Factory Inc)
343,CAL,CAL (Caleres Inc)
344,CALM,CALM (Cal-Maine Foods Inc)
345,CAMP,CAMP (CalAmp Corp)
346,CAPL,CAPL (Crossamerica Partners LP)
347,CAR,CAR (Avis Budget Group Inc)
348,CARA,CARA (Cara Therapeutics Inc)
349,CARB,CARB (Carbonite Inc)
350,CARG,CARG (CarGurus Inc)
351,CARO,CARO (Carolina Financial Corp)
352,CARS,CARS (Cars.com Inc)
353,CASA,CASA (Casa Systems Inc)
354,CASH,CASH (Meta Financial Group Inc)
355,CASS,CASS (Cass Information Systems Inc)
356,CASY,CASY (Caseys General Stores Inc)
357,CAT,CAT (Caterpillar Inc)
358,CATM,CATM (Cardtronics PLC)
359,CATY,CATY (Cathay General Bancorp)
360,CB,CB (Chubb Ltd)
361,CBAY,CBAY (CymaBay Therapeutics Inc)
362,CBB,CBB (Cincinnati Bell Inc)
363,CBL,CBL (CBL & Associates Properties Inc)
364,CBLK,CBLK (Carbon Black Inc)
365,CBM,CBM (Cambrex Corp)
366,CBOE,CBOE (Cboe Global Markets Inc)
367,CBPO,CBPO (China Biologic Products Holdings Inc)
368,CBPX,CBPX (Continental Building Products Inc)
369,CBRE,CBRE (CBRE Group Inc)
370,CBRL,CBRL (Cracker Barrel Old Country Store Inc)
371,CBS,CBS (CBS Corp)
372,CBSH,CBSH (Commerce Bancshares Inc)
373,CBT,CBT (Cabot Corp)
374,CBTX,CBTX (CBTX Inc)
375,CBU,CBU (Community Bank System Inc)
376,CBZ,CBZ (CBIZ Inc)
377,CC,CC (Chemours Co)
378,CCF,CCF (Chase Corp)
379,CCI,CCI (Crown Castle International Corp)
380,CCK,CCK (Crown Holdings Inc)
381,CCL,CCL (Carnival Corp)
382,CCMP,CCMP (Cabot Microelectronics Corp)
383,CCO,CCO (Clear Channel Outdoor Holdings Inc)
384,CCOI,CCOI (Cogent Communications Holdings Inc)
385,CCR,CCR (Consol Coal Resources LP)
386,CCS,CCS (Century Communities Inc)
387,CCXI,CCXI (ChemoCentryx Inc)
388,CDAY,CDAY (Ceridian HCM Holding Inc)
389,CDE,CDE (Coeur Mining Inc)
390,CDEV,CDEV (Silver Run Acquisition Corp)
391,CDK,CDK (CDK Global Inc)
392,CDNA,CDNA (CareDx Inc)
393,CDNS,CDNS (Cadence Design Systems Inc)
394,CDW,CDW (CDW Corp)
395,CDXS,CDXS (Codexis Inc)
396,CE,CE (Celanese Corp)
397,CECO,CECO (Career Education Corp)
398,CEIX,CEIX (Consol Energy Inc)
399,CELG,CELG (Celgene Corp)
400,CENT,CENT (Central Garden & Pet Co)
401,CENX,CENX (Century Aluminum Co)
402,CEQP,CEQP (Crestwood Equity Partners LP)
403,CERN,CERN (Cerner Corp)
404,CERS,CERS (Cerus Corp)
405,CETV,CETV (Central European Media Enterprises Ltd)
406,CEVA,CEVA (CEVA Inc)
407,CF,CF (CF Industries Holdings Inc)
408,CFFN,CFFN (Capitol Federal Financial Inc)
409,CFG,CFG (Citizens Financial Group Inc)
410,CFR,CFR (Cullen/Frost Bankers Inc)
411,CFX,CFX (Colfax Corp)
412,CG,CG (Carlyle Group LP)
413,CGNX,CGNX (Cognex Corp)
414,CHCO,CHCO (City Holding Co)
415,CHD,CHD (Church & Dwight Co Inc)
416,CHDN,CHDN (Churchill Downs Inc)
417,CHE,CHE (Chemed Corp)
418,CHEF,CHEF (Chefs' Warehouse Inc)
419,CHFC,CHFC (Chemical Financial Corp)
420,CHGG,CHGG (Chegg Inc)
421,CHH,CHH (Choice Hotels International Inc)
422,CHK,CHK (Chesapeake Energy Corp)
423,CHRS,CHRS (Coherus BioSciences Inc)
424,CHRW,CHRW (C.H. Robinson Worldwide Inc)
425,CHS,CHS (Chico's FAS Inc)
426,CHSP,CHSP (Chesapeake Lodging Trust)
427,CHTR,CHTR (Charter Communications Inc)
428,CI,CI (Cigna Corp)
429,CIEN,CIEN (Ciena Corp)
430,CIM,CIM (Chimera Investment Corp)
431,CINF,CINF (Cincinnati Financial Corp)
432,CINR,CINR (Ciner Resources LP)
433,CIR,CIR (CIRCOR International Inc)
434,CISN,CISN (CISION LTD.)
435,CIT,CIT (CIT Group Inc)
436,CJ,CJ (C&J Energy Services Ltd)
437,CKH,CKH (SEACOR Holdings Inc)
438,CL,CL (Colgate-Palmolive Co)
439,CLB,CLB (Core Laboratories NV)
440,CLDR,CLDR (Cloudera Inc)
441,CLDT,CLDT (Chatham Lodging Trust)
442,CLF,CLF (Cleveland-Cliffs Inc)
443,CLGX,CLGX (Corelogic Inc)
444,CLH,CLH (Clean Harbors Inc)
445,CLI,CLI (Mack-Cali Realty Corp)
446,CLNC,CLNC (Colony Credit Real Estate Inc)
447,CLNY,CLNY (Colony NorthStar Inc)
448,CLR,CLR (Continental Resources Inc)
449,CLVS,CLVS (Clovis Oncology Inc)
450,CLX,CLX (Clorox Co)
451,CMA,CMA (Comerica Inc)
452,CMC,CMC (Commercial Metals Co)
453,CMCO,CMCO (Columbus McKinnon Corp)
454,CMCSA,CMCSA (Comcast Corp)
455,CMCT,CMCT (CIM Commercial Trust Corp)
456,CME,CME (CME Group Inc)
457,CMG,CMG (Chipotle Mexican Grill Inc)
458,CMI,CMI (Cummins Inc)
459,CMO,CMO (Capstead Mortgage Corp)
460,CMP,CMP (Compass Minerals International Inc)
461,CMPR,CMPR (Cimpress NV)
462,CMS,CMS (CMS Energy Corp)
463,CMTL,CMTL (Comtech Telecommunications Corp)
464,CNA,CNA (CNA Financial Corp)
465,CNC,CNC (Centene Corp)
466,CNDT,CNDT (Conduent Inc)
467,CNK,CNK (Cinemark Holdings Inc)
468,CNMD,CNMD (Conmed Corp)
469,CNNE,CNNE (Cannae Holdings Inc)
470,CNO,CNO (CNO Financial Group Inc)
471,CNOB,CNOB (ConnectOne Bancorp Inc)
472,CNP,CNP (CenterPoint Energy Inc)
473,CNS,CNS (Cohen & Steers Inc)
474,CNSL,CNSL (Consolidated Communications Holdings Inc)
475,CNX,CNX (CNX Resources Corp)
476,CNXM,CNXM (CNX Midstream Partners LP)
477,CNXN,CNXN (PC Connection Inc)
478,CODI,CODI (Compass Diversified Holdings)
479,COF,COF (Capital One Financial Corp)
480,COG,COG (Cabot Oil & Gas Corp)
481,COHR,COHR (Coherent Inc)
482,COHU,COHU (Cohu Inc)
483,COKE,COKE (Coca-Cola Bottling Co Consolidated)
484,COLB,COLB (Columbia Banking System Inc)
485,COLD,COLD (Americold Realty Trust)
486,COLL,COLL (Collegium Pharmaceutical Inc)
487,COLM,COLM (Columbia Sportswear Co)
488,COMM,COMM (CommScope Holding Company Inc)
489,CONE,CONE (CyrusOne Inc)
490,CONN,CONN (Conn's Inc)
491,COO,COO (Cooper Companies Inc)
492,COP,COP (ConocoPhillips)
493,COR,COR (CoreSite Realty Corp)
494,CORE,CORE (Core-Mark Holding Company Inc)
495,CORT,CORT (Corcept Therapeutics Inc)
496,COST,COST (Costco Wholesale Corp)
497,COT,COT (Cott Corp)
498,COTY,COTY (Coty Inc)
499,COUP,COUP (Coupa Software Inc)
500,CP,CP (Canadian Pacific Railway Ltd)
501,CPB,CPB (Campbell Soup Co)
502,CPE,CPE (Callon Petroleum Co)
503,CPF,CPF (Central Pacific Financial Corp)
504,CPK,CPK (Chesapeake Utilities Corp)
505,CPLG,CPLG (CorePoint Lodging Inc)
506,CPRT,CPRT (Copart Inc)
507,CPS,CPS (Cooper-Standard Holdings Inc)
508,CPT,CPT (Camden Property Trust)
509,CQP,CQP (Cheniere Energy Partners LP)
510,CR,CR (Crane Co)
511,CRAY,CRAY (Cray Inc)
512,CRC,CRC (California Resources Corp)
513,CRCM,CRCM (Care.com Inc)
514,CREE,CREE (Cree Inc)
515,CRI,CRI (Carter's Inc)
516,CRL,CRL (Charles River Laboratories International Inc)
517,CRM,CRM (Salesforce.com Inc)
518,CRMT,CRMT (America's Car-Mart Inc)
519,CROX,CROX (Crocs Inc)
520,CRS,CRS (Carpenter Technology Corp)
521,CRSP,CRSP (CRISPR Therapeutics AG)
522,CRTO,CRTO (Criteo SA)
523,CRUS,CRUS (Cirrus Logic Inc)
524,CRVL,CRVL (CorVel Corp)
525,CRY,CRY (CryoLife Inc)
526,CRZO,CRZO (Carrizo Oil & Gas Inc)
527,CSCO,CSCO (Cisco Systems Inc)
528,CSFL,CSFL (Centerstate Bank Corp)
529,CSGP,CSGP (CoStar Group Inc)
530,CSGS,CSGS (CSG Systems International Inc)
531,CSII,CSII (Cardiovascular Systems Inc)
532,CSL,CSL (Carlisle Companies Inc)
533,CSOD,CSOD (Cornerstone OnDemand Inc)
534,CSWI,CSWI (CSW Industrials Inc)
535,CSX,CSX (CSX Corp)
536,CTAS,CTAS (Cintas Corp)
537,CTB,CTB (Cooper Tire & Rubber Co)
538,CTBI,CTBI (Community Trust Bancorp Inc)
539,CTL,CTL (CenturyLink Inc)
540,CTLT,CTLT (Catalent Inc)
541,CTMX,CTMX (CytomX Therapeutics Inc)
542,CTRE,CTRE (CareTrust REIT Inc)
543,CTRL,CTRL (Control4 Corp)
544,CTS,CTS (CTS Corp)
545,CTSH,CTSH (Cognizant Technology Solutions Corp)
546,CTWS,CTWS (Connecticut Water Service Inc)
547,CTXS,CTXS (Citrix Systems Inc)
548,CUB,CUB (Cubic Corp)
549,CUBE,CUBE (CubeSmart)
550,CUBI,CUBI (Customers Bancorp Inc)
551,CURO,CURO (Curo Group Holdings Corp)
552,CUZ,CUZ (Cousins Properties Inc)
553,CVA,CVA (Covanta Holding Corp)
554,CVBF,CVBF (CVB Financial Corp)
555,CVCO,CVCO (Cavco Industries Inc)
556,CVEO,CVEO (Civeo Corp)
557,CVGW,CVGW (Calavo Growers Inc)
558,CVI,CVI (CVR Energy Inc)
559,CVIA,CVIA (Covia Holdings Corp)
560,CVLT,CVLT (CommVault Systems Inc)
561,CVNA,CVNA (Carvana Co)
562,CVS,CVS (CVS Health Corp)
563,CVX,CVX (Chevron Corp)
564,CW,CW (Curtiss-Wright Corp)
565,CWH,CWH (Camping World Holdings Inc)
566,CWST,CWST (Casella Waste Systems Inc)
567,CWT,CWT (California Water Service Group)
568,CXO,CXO (Concho Resources Inc)
569,CXP,CXP (Columbia Property Trust Inc)
570,CXW,CXW (CoreCivic Inc)
571,CY,CY (Cypress Semiconductor Corp)
572,CZR,CZR (Caesars Entertainment Corp)
573,D,D (Dominion Energy Inc)
574,DAL,DAL (Delta Air Lines Inc)
575,DAN,DAN (Dana Inc)
576,DATA,DATA (Tableau Software Inc)
577,DBX,DBX (Dropbox Inc)
578,DCI,DCI (Donaldson Company Inc)
579,DCOM,DCOM (Dime Community Bancshares Inc)
580,DCP,DCP (DCP Midstream LP)
581,DCPH,DCPH (Deciphera Pharmaceuticals Inc)
582,DDD,DDD (3D Systems Corp)
583,DDS,DDS (Dillard's Inc)
584,DE,DE (Deere & Co)
585,DEA,DEA (Easterly Government Properties Inc)
586,DECK,DECK (Deckers Outdoor Corp)
587,DEI,DEI (Douglas Emmett Inc)
588,DENN,DENN (Denny's Corp)
589,DERM,DERM (Dermira Inc)
590,DF,DF (Dean Foods Co)
591,DFIN,DFIN (Donnelley Financial Solutions Inc)
592,DFS,DFS (Discover Financial Services)
593,DG,DG (Dollar General Corp)
594,DGX,DGX (Quest Diagnostics Inc)
595,DHI,DHI (D.R. Horton Inc)
596,DHIL,DHIL (Diamond Hill Investment Group Inc)
597,DHR,DHR (Danaher Corp)
598,DIN,DIN (Dine Brands Global Inc)
599,DIOD,DIOD (Diodes Inc)
600,DIS,"DIS (Walt Disney Co, The)"
601,DISCA,DISCA (Discovery Inc)
602,DISH,DISH (DISH Network Corp)
603,DK,DK (Delek US Holdings Inc)
604,DKL,DKL (Delek Logistics Partners LP)
605,DKS,DKS (Dick's Sporting Goods Inc)
606,DLB,DLB (Dolby Laboratories Inc)
607,DLPH,DLPH (Delphi Technologies PLC)
608,DLR,DLR (Digital Realty Trust Inc)
609,DLTH,DLTH (Duluth Holdings Inc)
610,DLTR,DLTR (Dollar Tree Inc)
611,DLX,DLX (Deluxe Corp)
612,DMLP,DMLP (Dorchester Minerals LP)
613,DNKN,DNKN (Dunkin' Brands Group Inc)
614,DNLI,DNLI (Denali Therapeutics Inc)
615,DNOW,DNOW (NOW Inc)
616,DNR,DNR (Denbury Resources Inc)
617,DO,DO (Diamond Offshore Drilling Inc)
618,DOC,DOC (Physicians Realty Trust)
619,DOOR,DOOR (Masonite International Corp)
620,DORM,DORM (Dorman Products Inc)
621,DOV,DOV (Dover Corp)
622,DOVA,DOVA (Dova Pharmaceuticals Inc)
623,DPLO,DPLO (Diplomat Pharmacy Inc)
624,DPZ,DPZ (Domino's Pizza Inc)
625,DRE,DRE (Duke Realty Corp)
626,DRH,DRH (DiamondRock Hospitality Co)
627,DRI,DRI (Darden Restaurants Inc)
628,DRNA,DRNA (Dicerna Pharmaceuticals Inc)
629,DRQ,DRQ (Dril-Quip Inc)
630,DTE,DTE (DTE Energy Co)
631,DUK,DUK (Duke Energy Corp)
632,DVA,DVA (Davita Inc)
633,DVAX,DVAX (Dynavax Technologies Corp)
634,DVN,DVN (Devon Energy Corp)
635,DWDP,"DWDP (DuPont de Nemours, Inc.)"
636,DXC,DXC (DXC Technology Co)
637,DXCM,DXCM (DexCom Inc)
638,DXPE,DXPE (DXP Enterprises Inc)
639,DY,DY (Dycom Industries Inc)
640,EA,EA (Electronic Arts Inc)
641,EAF,EAF (GrafTech International Ltd )
642,EAT,EAT (Brinker International Inc)
643,EBAY,EBAY (eBay Inc)
644,EBIX,EBIX (Ebix Inc)
645,EBS,EBS (Emergent BioSolutions Inc)
646,EBSB,EBSB (Meridian Bancorp Inc)
647,ECA,ECA (Encana Corp)
648,ECHO,ECHO (Echo Global Logistics Inc)
649,ECL,ECL (Ecolab Inc)
650,ECOL,ECOL (US Ecology Inc)
651,ECPG,ECPG (Encore Capital Group Inc)
652,ED,ED (Consolidated Edison Inc)
653,EDIT,EDIT (Editas Medicine Inc)
654,EE,EE (El Paso Electric Co)
655,EEFT,EEFT (Euronet Worldwide Inc)
656,EEX,EEX (Emerald Expositions Events Inc)
657,EFII,EFII (Electronics for Imaging Inc)
658,EFSC,EFSC (Enterprise Financial Services Corp)
659,EFX,EFX (Equifax Inc)
660,EGBN,EGBN (Eagle Bancorp Inc)
661,EGHT,EGHT (8x8 Inc)
662,EGOV,EGOV (NIC Inc)
663,EGP,EGP (Eastgroup Properties Inc)
664,EGRX,EGRX (Eagle Pharmaceuticals Inc)
665,EHC,EHC (Encompass Health Corp)
666,EHTH,EHTH (Ehealth Inc)
667,EIG,EIG (Employers Holdings Inc)
668,EIGI,EIGI (Endurance International Group Holdings Inc)
669,EIX,EIX (Edison International)
670,EL,EL (Estee Lauder Companies Inc)
671,ELF,ELF (e.l.f. Beauty Inc)
672,ELOX,ELOX (Sevion Therapeutics Inc)
673,ELS,ELS (Equity LifeStyle Properties Inc)
674,ELY,ELY (Callaway Golf Co)
675,EME,EME (EMCOR Group Inc)
676,EMN,EMN (Eastman Chemical Co)
677,EMR,EMR (Emerson Electric Co)
678,ENB,ENB (Enbridge Inc)
679,ENDP,ENDP (Endo International PLC)
680,ENLC,ENLC (EnLink Midstream LLC)
681,ENR,ENR (Energizer Holdings Inc)
682,ENS,ENS (EnerSys)
683,ENSG,ENSG (Ensign Group Inc)
684,ENTA,ENTA (Enanta Pharmaceuticals Inc)
685,ENTG,ENTG (Entegris Inc)
686,ENV,ENV (Envestnet Inc)
687,ENVA,ENVA (Enova International Inc)
688,EOG,EOG (EOG Resources Inc)
689,EPAM,EPAM (EPAM Systems Inc)
690,EPAY,EPAY (Bottomline Technologies (DE) Inc)
691,EPC,EPC (Edgewell Personal Care Co)
692,EPD,EPD (Enterprise Products Partners LP)
693,EPE,EPE (EP Energy Corp)
694,EPR,EPR (EPR Properties)
695,EPZM,EPZM (Epizyme Inc)
696,EQBK,EQBK (Equity Bancshares Inc)
697,EQC,EQC (Equity Commonwealth)
698,EQH,EQH (Axa Equitable Holdings Inc)
699,EQIX,EQIX (Equinix Inc)
700,EQM,EQM (EQT Midstream Partners LP)
701,EQR,EQR (Equity Residential)
702,EQT,EQT (EQT Corp)
703,ERI,ERI (Eldorado Resorts Inc)
704,ES,ES (Eversource Energy)
705,ESE,ESE (ESCO Technologies Inc)
706,ESGR,ESGR (Enstar Group Ltd)
707,ESNT,ESNT (Essent Group Ltd)
708,ESPR,ESPR (Esperion Therapeutics Inc)
709,ESRT,ESRT (Empire State Realty Trust Inc)
710,ESS,ESS (Essex Property Trust Inc)
711,ESV,ESV (Ensco PLC)
712,ETFC,ETFC (E*TRADE Financial Corp)
713,ETH,ETH (Ethan Allen Interiors Inc)
714,ETM,ETM (Entercom Communications Corp)
715,ETN,ETN (Eaton Corporation PLC)
716,ETR,ETR (Entergy Corp)
717,ETSY,ETSY (Etsy Inc)
718,EV,EV (Eaton Vance Corp)
719,EVA,EVA (Enviva Partners LP)
720,EVH,EVH (Evolent Health Inc)
721,EVR,EVR (Evercore Inc)
722,EVRI,EVRI (Everi Holdings Inc)
723,EVTC,EVTC (Evertec Inc)
724,EW,EW (Edwards Lifesciences Corp)
725,EWBC,EWBC (East West Bancorp Inc)
726,EXAS,EXAS (Exact Sciences Corp)
727,EXC,EXC (Exelon Corp)
728,EXEL,EXEL (Exelixis Inc)
729,EXLS,EXLS (Exlservice Holdings Inc)
730,EXP,EXP (Eagle Materials Inc)
731,EXPD,EXPD (Expeditors International of Washington Inc)
732,EXPE,EXPE (Expedia Inc)
733,EXPO,EXPO (Exponent Inc)
734,EXPR,EXPR (Express Inc)
735,EXR,EXR (Extra Space Storage Inc)
736,EXTN,EXTN (Exterran Corp)
737,EXTR,EXTR (Extreme Networks Inc)
738,EYE,EYE (National Vision Holdings Inc)
739,EZPW,EZPW (EZCORP Inc)
740,F,F (Ford Motor Co)
741,FAF,FAF (First American Financial Corp)
742,FANG,FANG (Diamondback Energy Inc)
743,FARO,FARO (FARO Technologies Inc)
744,FAST,FAST (Fastenal Co)
745,FATE,FATE (Fate Therapeutics Inc)
746,FB,FB (Facebook Inc)
747,FBC,FBC (Flagstar Bancorp Inc)
748,FBHS,FBHS (Fortune Brands Home & Security Inc)
749,FBK,FBK (FB Financial Corp)
750,FBNC,FBNC (First Bancorp)
751,FBP,FBP (First Bancorp)
752,FCBC,FCBC (First Community Bancshares Inc)
753,FCF,FCF (First Commonwealth Financial Corp)
754,FCFS,FCFS (FirstCash Inc)
755,FCN,FCN (FTI Consulting Inc)
756,FCNCA,FCNCA (First Citizens BancShares Inc)
757,FCPT,FCPT (Four Corners Property Trust Inc)
758,FCX,FCX (Freeport-McMoRan Inc)
759,FDC,FDC (First Data Corp)
760,FDEF,FDEF (First Defiance Financial Corp)
761,FDP,FDP (Fresh Del Monte Produce Inc)
762,FDS,FDS (FactSet Research Systems Inc)
763,FDX,FDX (FedEx Corp)
764,FE,FE (FirstEnergy Corp)
765,FELE,FELE (Franklin Electric Co Inc)
766,FELP,FELP (Foresight Energy LP)
767,FET,FET (Forum Energy Technologies Inc)
768,FEYE,FEYE (FireEye Inc)
769,FF,FF (FutureFuel Corp)
770,FFBC,FFBC (First Financial Bancorp)
771,FFG,FFG (FBL Financial Group Inc)
772,FFIC,FFIC (Flushing Financial Corp)
773,FFIN,FFIN (First Financial Bankshares Inc)
774,FFIV,FFIV (F5 Networks Inc)
775,FFWM,FFWM (First Foundation Inc)
776,FGEN,FGEN (FibroGen Inc)
777,FHB,FHB (First Hawaiian Inc)
778,FHN,FHN (First Horizon National Corp)
779,FI,FI (Franks International NV)
780,FIBK,FIBK (First Interstate BancSystem Inc)
781,FICO,FICO (Fair Isaac Corp)
782,FII,FII (Federated Investors Inc)
783,FIS,FIS (Fidelity National Information Services Inc)
784,FISV,FISV (Fiserv Inc)
785,FIT,FIT (Fitbit Inc)
786,FITB,FITB (Fifth Third Bancorp)
787,FIVE,FIVE (Five Below Inc)
788,FIVN,FIVN (Five9 Inc)
789,FIX,FIX (Comfort Systems USA Inc)
790,FIXX,FIXX (Homology Medicines Inc)
791,FIZZ,FIZZ (National Beverage Corp)
792,FL,FL (Foot Locker Inc)
793,FLEX,FLEX (Flex Ltd)
794,FLIC,FLIC (First of Long Island Corp)
795,FLIR,FLIR (FLIR Systems Inc)
796,FLO,FLO (Flowers Foods Inc)
797,FLOW,FLOW (SPX FLOW Inc)
798,FLR,FLR (Fluor Corp)
799,FLS,FLS (Flowserve Corp)
800,FLT,FLT (Fleetcor Technologies Inc)
801,FLWS,FLWS (1-800-Flowers.Com Inc)
802,FLXN,FLXN (Flexion Therapeutics Inc)
803,FMBH,FMBH (First Mid-Illinois Bancshares Inc)
804,FMBI,FMBI (First Midwest Bancorp Inc)
805,FMC,FMC (FMC Corp)
806,FN,FN (Fabrinet)
807,FNB,FNB (F.N.B. Corp)
808,FND,FND (Floor & Decor Holdings Inc)
809,FNKO,FNKO (Funko Inc)
810,FNSR,FNSR (Finisar Corp)
811,FOE,FOE (Ferro Corp)
812,FOLD,FOLD (Amicus Therapeutics Inc)
813,FOR,FOR (Forestar Group Inc)
814,FORM,FORM (FormFactor Inc)
815,FORR,FORR (Forrester Research Inc)
816,FOSL,FOSL (Fossil Group Inc)
817,FOX,FOX (Fox Corporation)
818,FOXF,FOXF (Fox Factory Holding Corp)
819,FR,FR (First Industrial Realty Trust Inc)
820,FRAC,FRAC (Keane Group Inc)
821,FRGI,FRGI (Fiesta Restaurant Group Inc)
822,FRME,FRME (First Merchants Corp)
823,FRPH,FRPH (FRP Holdings Inc)
824,FRPT,FRPT (Freshpet Inc)
825,FRT,FRT (Federal Realty Investment Trust)
826,FSB,FSB (Franklin Financial Network Inc)
827,FSCT,FSCT (Forescout Technologies Inc)
828,FSLR,FSLR (First Solar Inc)
829,FSS,FSS (Federal Signal Corp)
830,FTAI,FTAI (Fortress Transportation and Infrastructure Investors LLC)
831,FTI,FTI (TechnipFMC PLC)
832,FTNT,FTNT (Fortinet Inc)
833,FTV,FTV (Fortive Corp)
834,FUL,FUL (HB Fuller Co)
835,FULT,FULT (Fulton Financial Corp)
836,FUN,FUN (Cedar Fair LP)
837,FWONA,FWONA (Liberty Media Corp)
838,FWRD,FWRD (Forward Air Corp)
839,G,G (Genpact Ltd)
840,GABC,GABC (German American Bancorp Inc)
841,GATX,GATX (GATX Corp)
842,GBCI,GBCI (Glacier Bancorp Inc)
843,GBL,GBL (GAMCO Investors Inc)
844,GBLI,GBLI (Global Indemnity Ltd)
845,GBT,GBT (Global Blood Therapeutics Inc)
846,GBX,GBX (Greenbrier Companies Inc)
847,GCI,GCI (Gannett Co Inc)
848,GCP,GCP (GCP Applied Technologies Inc)
849,GD,GD (General Dynamics Corp)
850,GDDY,GDDY (GoDaddy Inc)
851,GDEN,GDEN (Golden Entertainment Inc)
852,GDI,GDI (Gardner Denver Holdings Inc)
853,GDOT,GDOT (Green Dot Corp)
854,GE,GE (General Electric Co)
855,GEF,GEF (Greif Inc)
856,GEL,GEL (Genesis Energy LP)
857,GEO,GEO (Geo Group Inc)
858,GES,GES (Guess? Inc)
859,GFF,GFF (Griffon Corp)
860,GGG,GGG (Graco Inc)
861,GHC,GHC (Graham Holdings Co)
862,GHDX,GHDX (Genomic Health Inc)
863,GHL,GHL (Greenhill & Co Inc)
864,GIII,GIII (G-III Apparel Group Ltd)
865,GILD,GILD (Gilead Sciences Inc)
866,GIS,GIS (General Mills Inc)
867,GKOS,GKOS (Glaukos Corp)
868,GLIBA,GLIBA (General Communication Inc)
869,GLP,GLP (Global Partners LP)
870,GLPI,GLPI (Gaming and Leisure Properties Inc)
871,GLT,GLT (P H Glatfelter Co)
872,GLUU,GLUU (Glu Mobile Inc)
873,GLW,GLW (Corning Inc)
874,GLYC,GLYC (GlycoMimetics Inc)
875,GM,GM (General Motors Co)
876,GME,GME (GameStop Corp)
877,GMED,GMED (Globus Medical Inc)
878,GMS,GMS (GMS Inc)
879,GNL,GNL (Global Net Lease Inc)
880,GNRC,GNRC (Generac Holdings Inc)
881,GNTX,GNTX (Gentex Corp)
882,GNW,GNW (Genworth Financial Inc)
883,GOLF,GOLF (Acushnet Holdings Corp)
884,GOOD,GOOD (Gladstone Commercial Corp)
885,GOOGL,GOOGL (Alphabet Inc)
886,GPC,GPC (Genuine Parts Co)
887,GPI,GPI (Group 1 Automotive Inc)
888,GPK,GPK (Graphic Packaging Holding Co)
889,GPMT,GPMT (Granite Point Mortgage Trust Inc)
890,GPN,GPN (Global Payments Inc)
891,GPOR,GPOR (Gulfport Energy Corp)
892,GPRE,GPRE (Green Plains Inc)
893,GPRO,GPRO (GoPro Inc)
894,GPS,GPS (Gap Inc)
895,GRA,GRA (W. R. Grace & Co)
896,GRBK,GRBK (Green Brick Partners Inc)
897,GRC,GRC (Gorman-Rupp Co)
898,GRMN,GRMN (Garmin Ltd)
899,GRPN,GRPN (Groupon Inc)
900,GRUB,GRUB (GrubHub Inc)
901,GS,GS (Goldman Sachs Group Inc)
902,GSBC,GSBC (Great Southern Bancorp Inc)
903,GSM,GSM (Ferroglobe PLC)
904,GT,GT (Goodyear Tire & Rubber Co)
905,GTE,GTE (Gran Tierra Energy Inc)
906,GTES,GTES (Gates Industrial Corporation PLC)
907,GTHX,GTHX (G1 Therapeutics Inc)
908,GTLS,GTLS (Chart Industries Inc)
909,GTN.A,GTN.A (Gray Television Inc)
910,GTT,GTT (GTT Communications Inc)
911,GTY,GTY (Getty Realty Corp)
912,GVA,GVA (Granite Construction Inc)
913,GWB,GWB (Great Western Bancorp Inc)
914,GWR,GWR (Genesee & Wyoming Inc)
915,GWRE,GWRE (Guidewire Software Inc)
916,GWW,GWW (W W Grainger Inc)
917,H,H (Hyatt Hotels Corp)
918,HA,HA (Hawaiian Holdings Inc)
919,HAE,HAE (Haemonetics Corp)
920,HAFC,HAFC (Hanmi Financial Corp)
921,HAIN,HAIN (Hain Celestial Group Inc)
922,HAL,HAL (Halliburton Co)
923,HALO,HALO (Halozyme Therapeutics Inc)
924,HAS,HAS (Hasbro Inc)
925,HASI,HASI (Hannon Armstrong Sustainable Infrastructure Capital Inc)
926,HBAN,HBAN (Huntington Bancshares Inc)
927,HBI,HBI (HanesBrands Inc)
928,HBNC,HBNC (Horizon Bancorp)
929,HCA,HCA (HCA Healthcare Inc)
930,HCC,HCC (Warrior Met Coal Inc)
931,HCKT,HCKT (Hackett Group Inc)
932,HCLP,HCLP (Hi Crush Partners LP)
933,HCP,HCP (HCP Inc)
934,HCSG,HCSG (Healthcare Services Group Inc)
935,HD,HD (Home Depot Inc)
936,HDS,HDS (HD Supply Holdings Inc)
937,HE,HE (Hawaiian Electric Industries Inc)
938,HEES,HEES (H&E Equipment Services Inc)
939,HEI,HEI (Heico Corp)
940,HELE,HELE (Helen of Troy Ltd)
941,HEP,HEP (Holly Energy Partners LP)
942,HES,HES (Hess Corp)
943,HESM,HESM (Hess Midstream Partners LP)
944,HF,HF (HFF Inc)
945,HFC,HFC (HollyFrontier Corp)
946,HFWA,HFWA (Heritage Financial Corp)
947,HGV,HGV (Hilton Grand Vacations Inc)
948,HHC,HHC (Howard Hughes Corp)
949,HI,HI (Hillenbrand Inc)
950,HIFR,HIFR (InfraREIT Inc)
951,HIG,HIG (Hartford Financial Services Group Inc)
952,HII,HII (Huntington Ingalls Industries Inc)
953,HIIQ,HIIQ (Health Insurance Innovations Inc)
954,HIW,HIW (Highwoods Properties Inc)
955,HK,HK (Halcon Resources Corp)
956,HL,HL (Hecla Mining Co)
957,HLF,HLF (Herbalife Ltd)
958,HLI,HLI (Houlihan Lokey Inc)
959,HLIT,HLIT (Harmonic Inc)
960,HLNE,HLNE (Hamilton Lane Inc)
961,HLT,HLT (Hilton Worldwide Holdings Inc)
962,HLX,HLX (Helix Energy Solutions Group Inc)
963,HMHC,HMHC (Houghton Mifflin Harcourt Co)
964,HMN,HMN (Horace Mann Educators Corp)
965,HMST,HMST (HomeStreet Inc)
966,HMSY,HMSY (HMS Holdings Corp)
967,HMTV,HMTV (Hemisphere Media Group Inc)
968,HNI,HNI (HNI Corp)
969,HOG,HOG (Harley-Davidson Inc)
970,HOLX,HOLX (Hologic Inc)
971,HOMB,HOMB (Home BancShares Inc)
972,HOME,HOME (At Home Group Inc)
973,HON,HON (Honeywell International Inc)
974,HONE,HONE (HarborOne Bancorp Inc)
975,HOPE,HOPE (Hope Bancorp Inc)
976,HP,HP (Helmerich and Payne Inc)
977,HPE,HPE (Hewlett Packard Enterprise Co)
978,HPP,HPP (Hudson Pacific Properties Inc)
979,HPQ,HPQ (HP Inc)
980,HPT,HPT (Hospitality Properties Trust)
981,HQY,HQY (HealthEquity Inc)
982,HR,HR (Healthcare Realty Trust Inc)
983,HRB,HRB (H & R Block Inc)
984,HRC,HRC (Hill-Rom Holdings Inc)
985,HRI,HRI (Herc Holdings Inc)
986,HRL,HRL (Hormel Foods Corp)
987,HRS,HRS (Harris Corp)
988,HRTX,HRTX (Heron Therapeutics Inc)
989,HSC,HSC (Harsco Corp)
990,HSIC,HSIC (Henry Schein Inc)
991,HSII,HSII (Heidrick & Struggles International Inc)
992,HSKA,HSKA (Heska Corp)
993,HST,HST (Host Hotels & Resorts Inc)
994,HSTM,HSTM (HealthStream Inc)
995,HSY,HSY (Hershey Co)
996,HT,HT (Hersha Hospitality Trust)
997,HTA,HTA (Healthcare Trust Of America Inc)
998,HTBI,HTBI (Hometrust Bancshares Inc)
999,HTBK,HTBK (Heritage Commerce Corp)
1000,HTH,HTH (Hilltop Holdings Inc)
1001,HTLD,HTLD (Heartland Express Inc)
1002,HTLF,HTLF (Heartland Financial USA Inc)
1003,HTZ,HTZ (Hertz Global Holdings Inc)
1004,HUBB,HUBB (Hubbell Inc)
1005,HUBG,HUBG (Hub Group Inc)
1006,HUBS,HUBS (HubSpot Inc)
1007,HUM,HUM (Humana Inc)
1008,HUN,HUN (Huntsman Corp)
1009,HURN,HURN (Huron Consulting Group Inc)
1010,HWC,HWC (Hancock Holding Co)
1011,HXL,HXL (Hexcel Corp)
1012,HY,HY (Hyster-Yale Materials Handling Inc)
1013,HZNP,HZNP (Horizon Pharma PLC)
1014,IAC,IAC (IAC/InterActiveCorp)
1015,IART,IART (Integra LifeSciences Holdings Corp)
1016,IBCP,IBCP (Independent Bank Corp)
1017,IBKC,IBKC (IBERIABANK Corp)
1018,IBKR,IBKR (Interactive Brokers Group Inc)
1019,IBM,IBM (International Business Machines Corp)
1020,IBOC,IBOC (International Bancshares Corp)
1021,IBP,IBP (Installed Building Products Inc)
1022,IBTX,IBTX (Independent Bank Group Inc)
1023,ICE,ICE (Intercontinental Exchange Inc)
1024,ICFI,ICFI (ICF International Inc)
1025,ICPT,ICPT (Intercept Pharmaceuticals Inc)
1026,ICUI,ICUI (ICU Medical Inc)
1027,IDA,IDA (Idacorp Inc)
1028,IDCC,IDCC (InterDigital Inc)
1029,IDXX,IDXX (IDEXX Laboratories Inc)
1030,IEP,IEP (Icahn Enterprises LP)
1031,IEX,IEX (IDEX Corp)
1032,IFF,IFF (International Flavors & Fragrances Inc)
1033,IGT,IGT (International Game Technology PLC)
1034,IHC,IHC (Independence Holding Co)
1035,IIIN,IIIN (Insteel Industries Inc)
1036,IIVI,IIVI (II-VI Inc)
1037,ILMN,ILMN (Illumina Inc)
1038,ILPT,ILPT (Industrial Logistics Properties Trust)
1039,IMAX,IMAX (Imax Corp)
1040,IMGN,IMGN (ImmunoGen Inc)
1041,IMKTA,IMKTA (Ingles Markets Inc)
1042,IMMU,IMMU (Immunomedics Inc)
1043,IMO,IMO (Imperial Oil Ltd)
1044,INCY,INCY (Incyte Corp)
1045,INDB,INDB (Independent Bank Corp)
1046,INFN,INFN (Infinera Corp)
1047,INFO,INFO (IHS Markit Ltd)
1048,INGN,INGN (Inogen Inc)
1049,INGR,INGR (Ingredion Inc)
1050,INN,INN (Summit Hotel Properties Inc)
1051,INOV,INOV (Inovalon Holdings Inc)
1052,INSM,INSM (Insmed Inc)
1053,INSP,INSP (Inspire Medical Systems Inc)
1054,INST,INST (Instructure Inc)
1055,INSW,INSW (International Seaways Inc)
1056,INSY,INSY (INSYS Therapeutics Inc)
1057,INT,INT (World Fuel Services Corp)
1058,INTC,INTC (Intel Corp)
1059,INTL,INTL (INTL FCStone Inc)
1060,INTU,INTU (Intuit Inc)
1061,INVA,INVA (Innoviva Inc)
1062,INVH,INVH (Invitation Homes Inc)
1063,IONS,IONS (Ionis Pharmaceuticals Inc)
1064,IOSP,IOSP (Innospec Inc)
1065,IOVA,IOVA (Iovance Biotherapeutics Inc)
1066,IP,IP (International Paper Co)
1067,IPAR,IPAR (Inter Parfums Inc)
1068,IPG,IPG (Interpublic Group of Companies Inc)
1069,IPGP,IPGP (IPG Photonics Corp)
1070,IPHI,IPHI (Inphi Corp)
1071,IPHS,IPHS (Innophos Holdings Inc)
1072,IQV,IQV (Iqvia Holdings Inc)
1073,IR,IR (Ingersoll-Rand PLC)
1074,IRBT,IRBT (iRobot Corp)
1075,IRDM,IRDM (Iridium Communications Inc)
1076,IRET,IRET (Investors Real Estate Trust)
1077,IRM,IRM (Iron Mountain Inc)
1078,IRT,IRT (Independence Realty Trust Inc)
1079,IRTC,IRTC (Irhythm Technologies Inc)
1080,IRWD,IRWD (Ironwood Pharmaceuticals Inc)
1081,ISBC,ISBC (Investors Bancorp Inc)
1082,ISCA,ISCA (International Speedway Corp)
1083,ISRG,ISRG (Intuitive Surgical Inc)
1084,IT,IT (Gartner Inc)
1085,ITCI,ITCI (Intra-Cellular Therapies Inc)
1086,ITGR,ITGR (Integer Holdings Corp)
1087,ITRI,ITRI (Itron Inc)
1088,ITT,ITT (ITT Inc)
1089,ITW,ITW (Illinois Tool Works Inc)
1090,IVR,IVR (Invesco Mortgage Capital Inc)
1091,IVZ,IVZ (Invesco Ltd)
1092,JACK,JACK (Jack in the Box Inc)
1093,JAG,JAG (Jagged Peak Energy Inc)
1094,JAZZ,JAZZ (Jazz Pharmaceuticals PLC)
1095,JBGS,JBGS (JBG SMITH Properties)
1096,JBHT,JBHT (J B Hunt Transport Services Inc)
1097,JBL,JBL (Jabil Inc)
1098,JBLU,JBLU (JetBlue Airways Corp)
1099,JBSS,JBSS (John B Sanfilippo & Son Inc)
1100,JBT,JBT (John Bean Technologies Corp)
1101,JCI,JCI (Johnson Controls International PLC)
1102,JCOM,JCOM (J2 Global Inc)
1103,JCP,JCP (J C Penney Company Inc)
1104,JEC,JEC (Jacobs Engineering Group Inc)
1105,JEF,JEF (Leucadia National Corp)
1106,JELD,JELD (Jeld-Wen Holding Inc)
1107,JHG,JHG (Janus Henderson Group PLC)
1108,JJSF,JJSF (J & J Snack Foods Corp)
1109,JKHY,JKHY (Jack Henry & Associates Inc)
1110,JLL,JLL (Jones Lang LaSalle Inc)
1111,JNJ,JNJ (Johnson & Johnson)
1112,JNPR,JNPR (Juniper Networks Inc)
1113,JOE,JOE (St. Joe Co)
1114,JOUT,JOUT (Johnson Outdoors Inc)
1115,JPM,JPM (JPMorgan Chase & Co)
1116,JRVR,JRVR (James River Group Holdings Ltd)
1117,JW.A,JW.A (John Wiley & Sons Inc)
1118,JWN,JWN (Nordstrom Inc)
1119,K,K (Kellogg Co)
1120,KAI,KAI (Kadant Inc)
1121,KALU,KALU (Kaiser Aluminum Corp)
1122,KAMN,KAMN (Kaman Corp)
1123,KAR,KAR (KAR Auction Services Inc)
1124,KBAL,KBAL (Kimball International Inc)
1125,KBH,KBH (KB Home)
1126,KBR,KBR (KBR Inc)
1127,KDP,KDP (Keurig Dr Pepper Inc.)
1128,KELYA,KELYA (Kelly Services Inc)
1129,KEM,KEM (KEMET Corp)
1130,KEX,KEX (Kirby Corp)
1131,KEY,KEY (KeyCorp)
1132,KEYS,KEYS (Keysight Technologies Inc)
1133,KFRC,KFRC (Kforce Inc)
1134,KFY,KFY (Korn/Ferry International)
1135,KHC,KHC (Kraft Heinz Co)
1136,KIM,KIM (Kimco Realty Corp)
1137,KKR,KKR (KKR & Co LP)
1138,KLAC,KLAC (KLA-Tencor Corp)
1139,KLIC,KLIC (Kulicke and Soffa Industries Inc)
1140,KMB,KMB (Kimberly-Clark Corp)
1141,KMI,KMI (Kinder Morgan Inc)
1142,KMPR,KMPR (Kemper Corp)
1143,KMT,KMT (Kennametal Inc)
1144,KMX,KMX (Carmax Inc)
1145,KN,KN (Knowles Corp)
1146,KNL,KNL (Knoll Inc)
1147,KNSL,KNSL (Kinsale Capital Group Inc)
1148,KNX,KNX (Knight-Swift Transportation Holdings Inc)
1149,KO,KO (Coca-Cola Co)
1150,KOP,KOP (Koppers Holdings Inc)
1151,KOS,KOS (Kosmos Energy Ltd)
1152,KPTI,KPTI (Karyopharm Therapeutics Inc)
1153,KR,KR (Kroger Co)
1154,KRA,KRA (Kraton Corp)
1155,KRC,KRC (Kilroy Realty Corp)
1156,KREF,KREF (KKR Real Estate Finance Trust Inc)
1157,KRG,KRG (Kite Realty Group Trust)
1158,KRNY,KRNY (Kearny Financial Corp)
1159,KRO,KRO (Kronos Worldwide Inc)
1160,KSS,KSS (Kohls Corp)
1161,KSU,KSU (Kansas City Southern)
1162,KTOS,KTOS (Kratos Defense and Security Solutions Inc)
1163,KW,KW (Kennedy-Wilson Holdings Inc)
1164,KWR,KWR (Quaker Chemical Corp)
1165,L,L (Loews Corp)
1166,LABL,LABL (Multi-Color Corp)
1167,LAD,LAD (Lithia Motors Inc)
1168,LADR,LADR (Ladder Capital Corp)
1169,LAMR,LAMR (Lamar Advertising Co)
1170,LANC,LANC (Lancaster Colony Corp)
1171,LASR,LASR (Nlight Inc)
1172,LAUR,LAUR (Laureate Education Inc)
1173,LAZ,LAZ (Lazard Ltd)
1174,LB,LB (L Brands Inc)
1175,LBAI,LBAI (Lakeland Bancorp Inc)
1176,LBC,LBC (Luther Burbank Corp)
1177,LBRDA,LBRDA (Liberty Broadband Corp)
1178,LBRT,LBRT (Liberty Oilfield Services Inc)
1179,LBTYA,LBTYA (Liberty Global PLC)
1180,LC,LC (LendingClub Corp)
1181,LCII,LCII (LCI Industries)
1182,LDL,LDL (Lydall Inc)
1183,LDOS,LDOS (Leidos Holdings Inc)
1184,LEA,LEA (Lear Corp)
1185,LECO,LECO (Lincoln Electric Holdings Inc)
1186,LEG,LEG (Leggett & Platt Inc)
1187,LEN,LEN (Lennar Corp)
1188,LFUS,LFUS (Littelfuse Inc)
1189,LGF.A,LGF.A (Lions Gate Entertainment Corp)
1190,LGIH,LGIH (LGI Homes Inc)
1191,LGND,LGND (Ligand Pharmaceuticals Inc)
1192,LH,LH (Laboratory Corporation of America Holdings)
1193,LHCG,LHCG (LHC Group Inc)
1194,LII,LII (Lennox International Inc)
1195,LILA,LILA (Liberty Latin America Ltd)
1196,LIND,LIND (Lindblad Expeditions Holdings Inc)
1197,LION,LION (Fidelity Southern Corp)
1198,LITE,LITE (Lumentum Holdings Inc)
1199,LIVN,LIVN (LivaNova PLC)
1200,LKFN,LKFN (Lakeland Financial Corp)
1201,LKQ,LKQ (LKQ Corp)
1202,LLL,LLL (L3 Technologies Inc)
1203,LLNW,LLNW (Limelight Networks Inc)
1204,LLY,LLY (Eli Lilly and Co)
1205,LM,LM (Legg Mason Inc)
1206,LMAT,LMAT (LeMaitre Vascular Inc)
1207,LMNX,LMNX (Luminex Corp)
1208,LMT,LMT (Lockheed Martin Corp)
1209,LNC,LNC (Lincoln National Corp)
1210,LNG,LNG (Cheniere Energy Inc)
1211,LNN,LNN (Lindsay Corp)
1212,LNT,LNT (Alliant Energy Corp)
1213,LNTH,LNTH (Lantheus Holdings Inc)
1214,LOB,LOB (Live Oak Bancshares Inc)
1215,LOGI,LOGI (Logitech International SA)
1216,LOGM,LOGM (LogMeIn Inc)
1217,LOPE,LOPE (Grand Canyon Education Inc)
1218,LORL,LORL (Loral Space & Communications Inc)
1219,LOW,LOW (Lowe's Companies Inc)
1220,LPI,LPI (Laredo Petroleum Inc)
1221,LPLA,LPLA (LPL Financial Holdings Inc)
1222,LPSN,LPSN (LivePerson Inc)
1223,LPT,LPT (Liberty Property Trust)
1224,LPX,LPX (Louisiana-Pacific Corp)
1225,LRCX,LRCX (Lam Research Corp)
1226,LRN,LRN (K12 Inc)
1227,LSCC,LSCC (Lattice Semiconductor Corp)
1228,LSI,LSI (Life Storage Inc)
1229,LSTR,LSTR (Landstar System Inc)
1230,LTC,LTC (LTC Properties Inc)
1231,LTRPA,LTRPA (Liberty Tripadvisor Holdings Inc)
1232,LTS,LTS (Ladenburg Thalmann Financial Services Inc)
1233,LTXB,LTXB (LegacyTexas Financial Group Inc)
1234,LULU,LULU (Lululemon Athletica Inc)
1235,LUV,LUV (Southwest Airlines Co)
1236,LVS,LVS (Las Vegas Sands Corp)
1237,LXP,LXP (Lexington Realty Trust)
1238,LXRX,LXRX (Lexicon Pharmaceuticals Inc)
1239,LYB,LYB (LyondellBasell Industries NV)
1240,LYV,LYV (Live Nation Entertainment Inc)
1241,LZB,LZB (La-Z-Boy Inc)
1242,M,M (Macy's Inc)
1243,MA,MA (MasterCard Inc)
1244,MAA,MAA (Mid-America Apartment Communities Inc)
1245,MAC,MAC (Macerich Co)
1246,MAN,MAN (ManpowerGroup Inc)
1247,MANH,MANH (Manhattan Associates Inc)
1248,MANT,MANT (ManTech International Corp)
1249,MAR,MAR (Marriott International Inc)
1250,MAS,MAS (Masco Corp)
1251,MASI,MASI (Masimo Corp)
1252,MAT,MAT (Mattel Inc)
1253,MATW,MATW (Matthews International Corp)
1254,MATX,MATX (Matson Inc)
1255,MBI,MBI (MBIA Inc)
1256,MBIN,MBIN (Merchants Bancorp)
1257,MBUU,MBUU (Malibu Boats Inc)
1258,MBWM,MBWM (Mercantile Bank Corp)
1259,MC,MC (Moelis & Co)
1260,MCD,MCD (McDonald's Corp)
1261,MCFT,MCFT (MCBC Holdings Inc)
1262,MCHP,MCHP (Microchip Technology Inc)
1263,MCK,MCK (McKesson Corp)
1264,MCO,MCO (Moody's Corp)
1265,MCRI,MCRI (Monarch Casino & Resort Inc)
1266,MCRN,MCRN (Milacron Holdings Corp)
1267,MCS,MCS (Marcus Corp)
1268,MCY,MCY (Mercury General Corp)
1269,MD,MD (MEDNAX Inc)
1270,MDB,MDB (Mongodb Inc)
1271,MDC,MDC (MDC Holdings Inc)
1272,MDCO,MDCO (Medicines Co)
1273,MDGL,MDGL (Madrigal Pharmaceuticals Inc)
1274,MDLZ,MDLZ (Mondelez International Inc)
1275,MDP,MDP (Meredith Corp)
1276,MDR,MDR (McDermott International Inc)
1277,MDRX,MDRX (Allscripts Healthcare Solutions Inc)
1278,MDSO,MDSO (Medidata Solutions Inc)
1279,MDT,MDT (Medtronic PLC)
1280,MDU,MDU (MDU Resources Group Inc)
1281,MDXG,MDXG (MiMedx Group Inc)
1282,MED,MED (Medifast Inc)
1283,MEDP,MEDP (Medpace Holdings Inc)
1284,MEI,MEI (Methode Electronics Inc)
1285,MELI,MELI (MercadoLibre Inc)
1286,MERC,MERC (Mercer International Inc)
1287,MET,MET (Metlife Inc)
1288,MFA,MFA (MFA Financial Inc)
1289,MG,MG (Mistras Group Inc)
1290,MGEE,MGEE (MGE Energy Inc)
1291,MGLN,MGLN (Magellan Health Inc)
1292,MGM,MGM (MGM Resorts International)
1293,MGNX,MGNX (MacroGenics Inc)
1294,MGP,MGP (MGM Growth Properties LLC)
1295,MGPI,MGPI (MGP Ingredients Inc)
1296,MGRC,MGRC (McGrath RentCorp)
1297,MHK,MHK (Mohawk Industries Inc)
1298,MHO,MHO (M/I Homes Inc)
1299,MIC,MIC (Macquarie Infrastructure Corp)
1300,MIDD,MIDD (Middleby Corp)
1301,MIK,MIK (Michaels Companies Inc)
1302,MIME,MIME (Mimecast Ltd)
1303,MINI,MINI (Mobile Mini Inc)
1304,MKC,MKC (McCormick & Company Inc)
1305,MKL,MKL (Markel Corp)
1306,MKSI,MKSI (MKS Instruments Inc)
1307,MKTX,MKTX (Marketaxess Holdings Inc)
1308,MLAB,MLAB (Mesa Laboratories Inc)
1309,MLHR,MLHR (Herman Miller Inc)
1310,MLI,MLI (Mueller Industries Inc)
1311,MLM,MLM (Martin Marietta Materials Inc)
1312,MLNX,MLNX (Mellanox Technologies Ltd)
1313,MMC,MMC (Marsh & McLennan Companies Inc)
1314,MMI,MMI (Marcus & Millichap Inc)
1315,MMM,MMM (3M Co)
1316,MMP,MMP (Magellan Midstream Partners LP)
1317,MMS,MMS (Maximus Inc)
1318,MMSI,MMSI (Merit Medical Systems Inc)
1319,MNK,MNK (Mallinckrodt Plc)
1320,MNR,MNR (Monmouth Real Estate Investment Corp)
1321,MNRO,MNRO (Monro Inc)
1322,MNST,MNST (Monster Beverage Corp)
1323,MNTA,MNTA (Momenta Pharmaceuticals Inc)
1324,MO,MO (Altria Group Inc)
1325,MOD,MOD (Modine Manufacturing Co)
1326,MOG.B,MOG.B (Moog Inc)
1327,MOH,MOH (Molina Healthcare Inc)
1328,MORN,MORN (Morningstar Inc)
1329,MOS,MOS (Mosaic Co)
1330,MOV,MOV (Movado Group Inc)
1331,MPC,MPC (Marathon Petroleum Corp)
1332,MPLX,MPLX (MPLX LP)
1333,MPW,MPW (Medical Properties Trust Inc)
1334,MPWR,MPWR (Monolithic Power Systems Inc)
1335,MPX,MPX (Marine Products Corp)
1336,MRC,MRC (MRC Global Inc)
1337,MRCY,MRCY (Mercury Systems Inc)
1338,MRK,MRK (Merck & Co Inc)
1339,MRO,MRO (Marathon Oil Corp)
1340,MRTN,MRTN (Marten Transport Ltd)
1341,MRTX,MRTX (Mirati Therapeutics Inc)
1342,MRVL,MRVL (Marvell Technology Group Ltd)
1343,MS,MS (Morgan Stanley)
1344,MSA,MSA (MSA Safety Inc)
1345,MSBI,MSBI (Midland States Bancorp Inc)
1346,MSCI,MSCI (MSCI Inc)
1347,MSEX,MSEX (Middlesex Water Co)
1348,MSFT,MSFT (Microsoft Corp)
1349,MSG,MSG (Madison Square Garden Co)
1350,MSGN,MSGN (MSG Networks Inc)
1351,MSI,MSI (Motorola Solutions Inc)
1352,MSM,MSM (MSC Industrial Direct Co Inc)
1353,MSTR,MSTR (MicroStrategy Inc)
1354,MTB,MTB (M&T Bank Corp)
1355,MTCH,MTCH (Match Group Inc)
1356,MTD,MTD (Mettler-Toledo International Inc)
1357,MTDR,MTDR (Matador Resources Co)
1358,MTG,MTG (MGIC Investment Corp)
1359,MTH,MTH (Meritage Homes Corp)
1360,MTN,MTN (Vail Resorts Inc)
1361,MTOR,MTOR (Meritor Inc)
1362,MTRN,MTRN (Materion Corp)
1363,MTRX,MTRX (Matrix Service Co)
1364,MTSC,MTSC (MTS Systems Corp)
1365,MTSI,MTSI (MACOM Technology Solutions Holdings Inc)
1366,MTW,MTW (Manitowoc Company Inc)
1367,MTX,MTX (Minerals Technologies Inc)
1368,MTZ,MTZ (MasTec Inc)
1369,MU,MU (Micron Technology Inc)
1370,MUR,MUR (Murphy Oil Corp)
1371,MUSA,MUSA (Murphy USA Inc)
1372,MUX,MUX (McEwen Mining Inc)
1373,MWA,MWA (Mueller Water Products Inc)
1374,MXIM,MXIM (Maxim Integrated Products Inc)
1375,MXL,MXL (MaxLinear Inc)
1376,MYE,MYE (Myers Industries Inc)
1377,MYGN,MYGN (Myriad Genetics Inc)
1378,MYL,MYL (Mylan NV)
1379,MYOK,MYOK (MyoKardia Inc)
1380,MYRG,MYRG (MYR Group Inc)
1381,NANO,NANO (Nanometrics Inc)
1382,NATI,NATI (National Instruments Corp)
1383,NAV,NAV (Navistar International Corp)
1384,NAVG,NAVG (Navigators Group Inc)
1385,NAVI,NAVI (Navient Corp)
1386,NBHC,NBHC (National Bank Holdings Corp)
1387,NBIX,NBIX (Neurocrine Biosciences Inc)
1388,NBL,NBL (Noble Energy Inc)
1389,NBLX,NBLX (Noble Midstream Partners LP)
1390,NBR,NBR (Nabors Industries Ltd)
1391,NBTB,NBTB (NBT Bancorp Inc)
1392,NCI,NCI (Navigant Consulting Inc)
1393,NCLH,NCLH (Norwegian Cruise Line Holdings Ltd)
1394,NCMI,NCMI (National CineMedia Inc)
1395,NCR,NCR (NCR Corp)
1396,NCS,NCS (NCI Building Systems Inc)
1397,NCSM,NCSM (NCS Multistage Holdings Inc)
1398,NDAQ,NDAQ (Nasdaq Inc)
1399,NDSN,NDSN (Nordson Corp)
1400,NE,NE (Noble Corporation PLC)
1401,NEE,NEE (NextEra Energy Inc)
1402,NEM,NEM (Newmont Mining Corp)
1403,NEO,NEO (Neogenomics Inc)
1404,NEOG,NEOG (Neogen Corp)
1405,NEP,NEP (Nextera Energy Partners LP)
1406,NEU,NEU (NewMarket Corp)
1407,NEWM,NEWM (New Media Investment Group Inc)
1408,NEWR,NEWR (New Relic Inc)
1409,NEXT,NEXT (Nextdecade Corp)
1410,NFBK,NFBK (Northfield Bancorp Inc)
1411,NFG,NFG (National Fuel Gas Co)
1412,NFLX,NFLX (Netflix Inc)
1413,NG,NG (NovaGold Resources Inc)
1414,NGHC,NGHC (National General Holdings Corp)
1415,NGL,NGL (NGL Energy Partners LP)
1416,NGVT,NGVT (Ingevity Corp)
1417,NHC,NHC (National Healthcare Corp)
1418,NHI,NHI (National Health Investors Inc)
1419,NI,NI (NiSource Inc)
1420,NINE,NINE (Nine Energy Service Inc)
1421,NJR,NJR (New Jersey Resources Corp)
1422,NKE,NKE (Nike Inc)
1423,NKTR,NKTR (Nektar Therapeutics)
1424,NLSN,NLSN (Nielsen Holdings PLC)
1425,NLY,NLY (Annaly Capital Management Inc)
1426,NMIH,NMIH (NMI Holdings Inc)
1427,NMRK,NMRK (Newmark Group Inc)
1428,NNI,NNI (Nelnet Inc)
1429,NNN,NNN (National Retail Properties Inc)
1430,NOC,NOC (NORTHROP GRUMMAN CORP)
1431,NOV,NOV (National Oilwell Varco Inc)
1432,NOVT,NOVT (Novanta Inc)
1433,NOW,NOW (ServiceNow Inc)
1434,NP,NP (Neenah Inc)
1435,NPK,NPK (National Presto Industries Inc)
1436,NPO,NPO (EnPro Industries Inc)
1437,NR,NR (Newpark Resources Inc)
1438,NRC,NRC (National Research Corp)
1439,NRE,NRE (Northstar Realty Europe Corp)
1440,NRG,NRG (NRG Energy Inc)
1441,NRP,NRP (Natural Resource Partners LP)
1442,NRZ,NRZ (New Residential Investment Corp)
1443,NS,NS (NuStar Energy LP)
1444,NSA,NSA (National Storage Affiliates Trust)
1445,NSC,NSC (Norfolk Southern Corp)
1446,NSIT,NSIT (Insight Enterprises Inc)
1447,NSP,NSP (Insperity Inc)
1448,NTAP,NTAP (NetApp Inc)
1449,NTCT,NTCT (NetScout Systems Inc)
1450,NTGR,NTGR (NETGEAR Inc)
1451,NTLA,NTLA (Intellia Therapeutics Inc)
1452,NTNX,NTNX (Nutanix Inc)
1453,NTRA,NTRA (Natera Inc)
1454,NTRS,NTRS (Northern Trust Corp)
1455,NUAN,NUAN (Nuance Communications Inc)
1456,NUE,NUE (Nucor Corp)
1457,NUS,NUS (NU Skin Enterprises Inc)
1458,NUVA,NUVA (NuVasive Inc)
1459,NVAX,NVAX (Novavax Inc)
1460,NVCR,NVCR (Novocure Ltd)
1461,NVDA,NVDA (NVIDIA Corp)
1462,NVEE,NVEE (NV5 Global Inc)
1463,NVR,NVR (NVR Inc)
1464,NVRO,NVRO (Nevro Corp)
1465,NVT,NVT (nVent Electric PLC)
1466,NVTA,NVTA (Invitae Corp)
1467,NWBI,NWBI (Northwest Bancshares Inc)
1468,NWE,NWE (NorthWestern Corp)
1469,NWL,NWL (Newell Brands Inc)
1470,NWLI,NWLI (National Western Life Group Inc)
1471,NWN,NWN (Northwest Natural Gas Co)
1472,NWSA,NWSA (News Corp)
1473,NX,NX (Quanex Building Products Corp)
1474,NXGN,NXGN (Quality Systems Inc)
1475,NXRT,NXRT (NexPoint Residential Trust Inc)
1476,NXST,NXST (Nexstar Media Group Inc)
1477,NYCB,NYCB (New York Community Bancorp Inc)
1478,NYMT,NYMT (New York Mortgage Trust Inc)
1479,NYT,NYT (New York Times Co)
1480,O,O (Realty Income Corp)
1481,OAK,OAK (Oaktree Capital Group LLC)
1482,OAS,OAS (Oasis Petroleum Inc)
1483,OBNK,OBNK (Origin Bancorp Inc)
1484,OC,OC (Owens Corning)
1485,OCFC,OCFC (OceanFirst Financial Corp)
1486,ODFL,ODFL (Old Dominion Freight Line Inc)
1487,ODP,ODP (Office Depot Inc)
1488,OFC,OFC (Corporate Office Properties Trust)
1489,OFG,OFG (OFG Bancorp)
1490,OFIX,OFIX (Orthofix International NV)
1491,OFLX,OFLX (Omega Flex Inc)
1492,OGE,OGE (OGE Energy Corp)
1493,OGS,OGS (ONE Gas Inc)
1494,OHI,OHI (Omega Healthcare Investors Inc)
1495,OI,OI (Owens-Illinois Inc)
1496,OII,OII (Oceaneering International Inc)
1497,OIS,OIS (Oil States International Inc)
1498,OKE,OKE (ONEOK Inc)
1499,OKTA,OKTA (Okta Inc)
1500,OLED,OLED (Universal Display Corp)
1501,OLLI,OLLI (Ollie's Bargain Outlet Holdings Inc)
1502,OLN,OLN (Olin Corp)
1503,OMC,OMC (Omnicom Group Inc)
1504,OMCL,OMCL (Omnicell Inc)
1505,OMER,OMER (Omeros Corp)
1506,OMF,OMF (OneMain Holdings Inc)
1507,OMI,OMI (Owens & Minor Inc)
1508,ON,ON (ON Semiconductor Corp)
1509,ONB,ONB (Old National Bancorp)
1510,ONCE,ONCE (Spark Therapeutics Inc)
1511,ONDK,ONDK (On Deck Capital Inc)
1512,OPK,OPK (OPKO Health Inc)
1513,ORA,ORA (Ormat Technologies Inc)
1514,ORBC,ORBC (ORBCOMM Inc)
1515,ORCL,ORCL (Oracle Corp)
1516,ORI,ORI (Old Republic International Corp)
1517,ORIT,ORIT (Oritani Financial Corp)
1518,ORLY,ORLY (O'Reilly Automotive Inc)
1519,OSIS,OSIS (OSI Systems Inc)
1520,OSK,OSK (Oshkosh Corp)
1521,OSPN,OSPN (VASCO Data Security International Inc)
1522,OSTK,OSTK (Overstock.com Inc)
1523,OSUR,OSUR (OraSure Technologies Inc)
1524,OTEX,OTEX (Open Text Corp)
1525,OTTR,OTTR (Otter Tail Corp)
1526,OUT,OUT (OUTFRONT Media Inc)
1527,OXM,OXM (Oxford Industries Inc)
1528,OXY,OXY (Occidental Petroleum Corp)
1529,OZK,OZK (Bank of the Ozarks)
1530,PAA,PAA (Plains All American Pipeline LP)
1531,PACB,PACB (Pacific Biosciences of California Inc)
1532,PACW,PACW (PacWest Bancorp)
1533,PAG,PAG (Penske Automotive Group Inc)
1534,PAGP,PAGP (Plains GP Holdings LP)
1535,PAHC,PAHC (Phibro Animal Health Corp)
1536,PANW,PANW (Palo Alto Networks Inc)
1537,PARR,PARR (Par Pacific Holdings Inc)
1538,PATK,PATK (Patrick Industries Inc)
1539,PAYC,PAYC (Paycom Software Inc)
1540,PAYX,PAYX (Paychex Inc)
1541,PB,PB (Prosperity Bancshares Inc)
1542,PBCT,PBCT (People's United Financial Inc)
1543,PBF,PBF (PBF Energy Inc)
1544,PBFX,PBFX (PBF Logistics LP)
1545,PBH,PBH (Prestige Brands Holdings Inc)
1546,PBI,PBI (Pitney Bowes Inc)
1547,PBYI,PBYI (Puma Biotechnology Inc)
1548,PCAR,PCAR (PACCAR Inc)
1549,PCG,PCG (PG&E Corp)
1550,PCH,PCH (PotlatchDeltic Corp)
1551,PCRX,PCRX (Pacira Pharmaceuticals Inc)
1552,PCTY,PCTY (Paylocity Holding Corp)
1553,PDCE,PDCE (PDC Energy Inc)
1554,PDCO,PDCO (Patterson Companies Inc)
1555,PDM,PDM (Piedmont Office Realty Trust Inc)
1556,PDVW,PDVW (pdvWireless Inc)
1557,PE,PE (Parsley Energy Inc)
1558,PEB,PEB (Pebblebrook Hotel Trust)
1559,PEBO,PEBO (Peoples Bancorp Inc)
1560,PEG,PEG (Public Service Enterprise Group Inc)
1561,PEGA,PEGA (Pegasystems Inc)
1562,PEGI,PEGI (Pattern Energy Group Inc)
1563,PEI,PEI (Pennsylvania Real Estate Investment Trust)
1564,PEN,PEN (Penumbra Inc)
1565,PENN,PENN (Penn National Gaming Inc)
1566,PEP,PEP (PepsiCo Inc)
1567,PETQ,PETQ (PetIQ Inc)
1568,PETS,PETS (Petmed Express Inc)
1569,PFE,PFE (Pfizer Inc)
1570,PFG,PFG (Principal Financial Group Inc)
1571,PFPT,PFPT (Proofpoint Inc)
1572,PFS,PFS (Provident Financial Services Inc)
1573,PFSI,PFSI (PennyMac Financial Services Inc)
1574,PG,PG (Procter & Gamble Co)
1575,PGC,PGC (Peapack-Gladstone Financial Corp)
1576,PGR,PGR (Progressive Corp)
1577,PGRE,PGRE (Paramount Group Inc)
1578,PGTI,PGTI (PGT Innovations Inc)
1579,PH,PH (Parker-Hannifin Corp)
1580,PHM,PHM (PulteGroup Inc)
1581,PII,PII (Polaris Industries Inc)
1582,PINC,PINC (Premier Inc)
1583,PJC,PJC (Piper Jaffray Companies)
1584,PJT,PJT (PJT Partners Inc)
1585,PK,PK (Park Hotels & Resorts Inc)
1586,PKG,PKG (Packaging Corp of America)
1587,PKI,PKI (PerkinElmer Inc)
1588,PLAB,PLAB (Photronics Inc)
1589,PLAY,PLAY (Dave & Buster's Entertainment Inc)
1590,PLCE,PLCE (Childrens Place Inc)
1591,PLD,PLD (Prologis Inc)
1592,PLNT,PLNT (Planet Fitness Inc)
1593,PLOW,PLOW (Douglas Dynamics Inc)
1594,PLT,PLT (Plantronics Inc)
1595,PLUS,PLUS (ePlus inc)
1596,PLXS,PLXS (Plexus Corp)
1597,PLYA,PLYA (Playa Hotels & Resorts NV)
1598,PM,PM (Philip Morris International Inc)
1599,PMT,PMT (PennyMac Mortgage Investment Trust)
1600,PNC,PNC (PNC Financial Services Group Inc)
1601,PNFP,PNFP (Pinnacle Financial Partners Inc)
1602,PNM,PNM (PNM Resources Inc)
1603,PNR,PNR (Pentair plc)
1604,PNW,PNW (Pinnacle West Capital Corp)
1605,PODD,PODD (Insulet Corp)
1606,POL,POL (PolyOne Corp)
1607,POOL,POOL (Pool Corp)
1608,POPE,POPE (Pope Resources A Delaware LP)
1609,POR,POR (Portland General Electric Co)
1610,POST,POST (Post Holdings Inc)
1611,POWI,POWI (Power Integrations Inc)
1612,PPBI,PPBI (Pacific Premier Bancorp Inc)
1613,PPC,PPC (Pilgrims Pride Corp)
1614,PPG,PPG (PPG Industries Inc)
1615,PPL,PPL (PPL Corp)
1616,PQG,PQG (PQ Group Holdings Inc)
1617,PRA,PRA (ProAssurance Corp)
1618,PRAA,PRAA (PRA Group Inc)
1619,PRAH,PRAH (PRA Health Sciences Inc)
1620,PRFT,PRFT (Perficient Inc)
1621,PRGO,PRGO (Perrigo Company PLC)
1622,PRGS,PRGS (Progress Software Corp)
1623,PRI,PRI (Primerica Inc)
1624,PRIM,PRIM (Primoris Services Corp)
1625,PRK,PRK (Park National Corp)
1626,PRLB,PRLB (Proto Labs Inc)
1627,PRMW,PRMW (Primo Water Corp)
1628,PRO,PRO (PROS Holdings Inc)
1629,PRSC,PRSC (Providence Service Corp)
1630,PRTY,PRTY (Party City Holdco Inc)
1631,PRU,PRU (Prudential Financial Inc)
1632,PSA,PSA (Public Storage)
1633,PSB,PSB (PS Business Parks Inc)
1634,PSDO,PSDO (Presidio Inc)
1635,PSMT,PSMT (PriceSmart Inc)
1636,PSTG,PSTG (Pure Storage Inc)
1637,PSX,PSX (Phillips 66)
1638,PSXP,PSXP (Phillips 66 Partners LP)
1639,PTC,PTC (PTC Inc)
1640,PTCT,PTCT (PTC Therapeutics Inc)
1641,PTEN,PTEN (Patterson-UTI Energy Inc)
1642,PTLA,PTLA (Portola Pharmaceuticals Inc)
1643,PUB,PUB (People's Utah Bancorp)
1644,PUMP,PUMP (Propetro Holding Corp)
1645,PVAC,PVAC (Penn Virginia Corporation)
1646,PVH,PVH (PVH Corp)
1647,PWR,PWR (Quanta Services Inc)
1648,PXD,PXD (Pioneer Natural Resources Co)
1649,PYPL,PYPL (PayPal Holdings Inc)
1650,PZN,PZN (Pzena Investment Management Inc)
1651,PZZA,PZZA (Papa John's International Inc)
1652,QADB,QADB (QAD Inc)
1653,QCOM,QCOM (Qualcomm Inc)
1654,QCRH,QCRH (QCR Holdings Inc)
1655,QDEL,QDEL (Quidel Corp)
1656,QEP,QEP (QEP Resources Inc)
1657,QLYS,QLYS (Qualys Inc)
1658,QNST,QNST (Quinstreet Inc)
1659,QRVO,QRVO (Qorvo Inc)
1660,QSR,QSR (Restaurant Brands International Inc)
1661,QTNA,QTNA (Quantenna Communications Inc)
1662,QTS,QTS (QTS Realty Trust Inc)
1663,QTWO,QTWO (Q2 Holdings Inc)
1664,QUAD,QUAD (Quad/Graphics Inc)
1665,QUOT,QUOT (Quotient Technology Inc)
1666,QURE,QURE (Uniqure NV)
1667,R,R (Ryder System Inc)
1668,RAD,RAD (Rite Aid Corp)
1669,RAMP,RAMP (Acxiom Corp)
1670,RARE,RARE (Ultragenyx Pharmaceutical Inc)
1671,RAVN,RAVN (Raven Industries Inc)
1672,RBA,RBA (Ritchie Bros. Auctioneers Inc)
1673,RBC,RBC (Regal Beloit Corp)
1674,RBCAA,RBCAA (Republic Bancorp Inc)
1675,RCII,RCII (Rent-A-Center Inc)
1676,RCKT,RCKT (Rocket Pharmaceuticals Inc)
1677,RCL,RCL (Royal Caribbean Cruises Ltd)
1678,RCM,RCM (R1 RCM Inc)
1679,RCUS,RCUS (Arcus Biosciences Inc)
1680,RDFN,RDFN (Redfin Corp)
1681,RDN,RDN (Radian Group Inc)
1682,RDNT,RDNT (RadNet Inc)
1683,RE,RE (Everest Re Group Ltd)
1684,RECN,RECN (Resources Connection Inc)
1685,REG,REG (Regency Centers Corp)
1686,REGI,REGI (Renewable Energy Group Inc)
1687,REGN,REGN (Regeneron Pharmaceuticals Inc)
1688,REI,REI (Ring Energy Inc)
1689,RES,RES (RPC Inc)
1690,RESI,RESI (Front Yard Residential Corp)
1691,RETA,RETA (Reata Pharmaceuticals Inc)
1692,REV,REV (Revlon Inc)
1693,REVG,REVG (Rev Group Inc)
1694,REXR,REXR (Rexford Industrial Realty Inc)
1695,RF,RF (Regions Financial Corp)
1696,RFP,RFP (Resolute Forest Products Inc)
1697,RGA,RGA (Reinsurance Group of America Inc)
1698,RGEN,RGEN (Repligen Corp)
1699,RGLD,RGLD (Royal Gold Inc)
1700,RGNX,RGNX (Regenxbio Inc)
1701,RGR,RGR (Sturm Ruger & Company Inc)
1702,RGS,RGS (Regis Corp)
1703,RH,RH (RH)
1704,RHI,RHI (Robert Half International Inc)
1705,RHP,RHP (Ryman Hospitality Properties Inc)
1706,RHT,RHT (Red Hat Inc)
1707,RIG,RIG (Transocean Ltd)
1708,RILY,RILY (B. Riley Financial Inc)
1709,RJF,RJF (Raymond James Financial Inc)
1710,RL,RL (Ralph Lauren Corp)
1711,RLGY,RLGY (Realogy Holdings Corp)
1712,RLI,RLI (RLI Corp)
1713,RLJ,RLJ (RLJ Lodging Trust)
1714,RMAX,RMAX (Re/Max Holdings Inc)
1715,RMBS,RMBS (Rambus Inc)
1716,RMD,RMD (ResMed Inc)
1717,RMR,RMR (RMR Group Inc)
1718,RNG,RNG (RingCentral Inc)
1719,RNR,RNR (Renaissancere Holdings Ltd)
1720,RNST,RNST (Renasant Corp)
1721,ROCK,ROCK (Gibraltar Industries Inc)
1722,ROG,ROG (Rogers Corp)
1723,ROIC,ROIC (Retail Opportunity Investments Corp)
1724,ROK,ROK (Rockwell Automation Inc)
1725,ROKU,ROKU (Roku Inc)
1726,ROL,ROL (Rollins Inc)
1727,ROLL,ROLL (RBC Bearings Inc)
1728,ROP,ROP (Roper Technologies Inc)
1729,ROST,ROST (Ross Stores Inc)
1730,RP,RP (RealPage Inc)
1731,RPAI,RPAI (Retail Properties of America Inc)
1732,RPD,RPD (Rapid7 Inc)
1733,RPM,RPM (RPM International Inc)
1734,RPT,RPT (Ramco-Gershenson Properties Trust)
1735,RRC,RRC (Range Resources Corp)
1736,RRR,RRR (Red Rock Resorts Inc)
1737,RS,RS (Reliance Steel & Aluminum Co)
1738,RSG,RSG (Republic Services Inc)
1739,RTEC,RTEC (Rudolph Technologies Inc)
1740,RTN,RTN (Raytheon Co)
1741,RTRX,RTRX (Retrophin Inc)
1742,RUN,RUN (Sunrun Inc)
1743,RUSHB,RUSHB (Rush Enterprises Inc)
1744,RUTH,RUTH (Ruth's Hospitality Group Inc)
1745,RVNC,RVNC (Revance Therapeutics Inc)
1746,RWT,RWT (Redwood Trust Inc)
1747,RXN,RXN (Rexnord Corp)
1748,RYAM,RYAM (Rayonier Advanced Materials Inc)
1749,RYN,RYN (Rayonier Inc)
1750,RYTM,RYTM (Rhythm Pharmaceuticals Inc)
1751,S,S (Sprint Corp)
1752,SABR,SABR (Sabre Corp)
1753,SAFM,SAFM (Sanderson Farms Inc)
1754,SAFT,SAFT (Safety Insurance Group Inc)
1755,SAGE,SAGE (SAGE Therapeutics Inc)
1756,SAH,SAH (Sonic Automotive Inc)
1757,SAIA,SAIA (Saia Inc)
1758,SAIC,SAIC (Science Applications International Corp)
1759,SAIL,SAIL (SailPoint Technologies Holdings Inc)
1760,SAM,SAM (Boston Beer Company Inc)
1761,SANM,SANM (Sanmina Corp)
1762,SASR,SASR (Sandy Spring Bancorp Inc)
1763,SATS,SATS (EchoStar Corp)
1764,SAVE,SAVE (Spirit Airlines Inc)
1765,SBAC,SBAC (SBA Communications Corp)
1766,SBCF,SBCF (Seacoast Banking Corporation of Florida)
1767,SBGI,SBGI (Sinclair Broadcast Group Inc)
1768,SBH,SBH (Sally Beauty Holdings Inc)
1769,SBRA,SBRA (Sabra Health Care REIT Inc)
1770,SBSI,SBSI (Southside Bancshares Inc)
1771,SBT,SBT (Sterling Bancorp Inc)
1772,SBUX,SBUX (Starbucks Corp)
1773,SC,SC (Santander Consumer USA Holdings Inc)
1774,SCCO,SCCO (Southern Copper Corp)
1775,SCHL,SCHL (Scholastic Corp)
1776,SCHN,SCHN (Schnitzer Steel Industries Inc)
1777,SCHW,SCHW (Charles Schwab Corp)
1778,SCI,SCI (Service Corporation International)
1779,SCL,SCL (Stepan Co)
1780,SCOR,SCOR (Comscore Inc)
1781,SCS,SCS (Steelcase Inc)
1782,SCSC,SCSC (ScanSource Inc)
1783,SCVL,SCVL (Shoe Carnival Inc)
1784,SCWX,SCWX (SecureWorks Corp)
1785,SEAS,SEAS (SeaWorld Entertainment Inc)
1786,SEB,SEB (Seaboard Corp)
1787,SEDG,SEDG (Solaredge Technologies Inc)
1788,SEE,SEE (Sealed Air Corp)
1789,SEIC,SEIC (SEI Investments Co)
1790,SEM,SEM (Select Medical Holdings Corp)
1791,SEMG,SEMG (SemGroup Corp)
1792,SERV,SERV (Servicemaster Global Holdings Inc)
1793,SF,SF (Stifel Financial Corp)
1794,SFBS,SFBS (ServisFirst Bancshares Inc)
1795,SFLY,SFLY (Shutterfly Inc)
1796,SFM,SFM (Sprouts Farmers Market Inc)
1797,SFNC,SFNC (Simmons First National Corp)
1798,SGEN,SGEN (Seattle Genetics Inc)
1799,SGH,SGH (Smart Global Holdings Inc)
1800,SGMO,SGMO (Sangamo Therapeutics Inc)
1801,SGMS,SGMS (Scientific Games Corp)
1802,SGRY,SGRY (Surgery Partners Inc)
1803,SGU,SGU (Star Group LP)
1804,SHAK,SHAK (Shake Shack Inc)
1805,SHEN,SHEN (Shenandoah Telecommunications Co)
1806,SHLX,SHLX (Shell Midstream Partners LP)
1807,SHO,SHO (Sunstone Hotel Investors Inc)
1808,SHOO,SHOO (Steven Madden Ltd)
1809,SHW,SHW (Sherwin-Williams Co)
1810,SIEN,SIEN (Sientra Inc)
1811,SIG,SIG (Signet Jewelers Ltd)
1812,SIGI,SIGI (Selective Insurance Group Inc)
1813,SIRI,SIRI (Sirius XM Holdings Inc)
1814,SITE,SITE (SiteOne Landscape Supply Inc)
1815,SIVB,SIVB (SVB Financial Group)
1816,SIX,SIX (Six Flags Entertainment Corp)
1817,SJI,SJI (South Jersey Industries Inc)
1818,SJM,SJM (J M Smucker Co)
1819,SJW,SJW (SJW Group)
1820,SKX,SKX (Skechers USA Inc)
1821,SKY,SKY (Skyline Corp)
1822,SKYW,SKYW (SkyWest Inc)
1823,SLAB,SLAB (Silicon Laboratories Inc)
1824,SLB,SLB (Schlumberger NV)
1825,SLCA,SLCA (U.S. Silica Holdings Inc)
1826,SLDB,SLDB (Solid Biosciences Inc)
1827,SLG,SLG (SL Green Realty Corp)
1828,SLGN,SLGN (Silgan Holdings Inc)
1829,SLM,SLM (SLM Corp)
1830,SM,SM (SM Energy Co)
1831,SMG,SMG (Scotts Miracle-Gro Co)
1832,SMLP,SMLP (Summit Midstream Partners LP)
1833,SMP,SMP (Standard Motor Products Inc)
1834,SMTC,SMTC (Semtech Corp)
1835,SNA,SNA (Snap-On Inc)
1836,SNAP,SNAP (Snap Inc)
1837,SNBR,SNBR (Sleep Number Corp)
1838,SNDR,SNDR (Schneider National Inc)
1839,SNH,SNH (Senior Housing Properties Trust)
1840,SNHY,SNHY (Sun Hydraulics Corp)
1841,SNPS,SNPS (Synopsys Inc)
1842,SNV,SNV (Synovus Financial Corp)
1843,SNX,SNX (SYNNEX Corp)
1844,SO,SO (Southern Co)
1845,SOHU,SOHU (Sohu.Com Inc)
1846,SON,SON (Sonoco Products Co)
1847,SP,SP (SP Plus Corp)
1848,SPB,SPB (Spectrum Brands Holdings Inc)
1849,SPG,SPG (Simon Property Group Inc)
1850,SPGI,SPGI (S&P Global Inc)
1851,SPH,SPH (Suburban Propane Partners LP)
1852,SPLK,SPLK (Splunk Inc)
1853,SPLP,SPLP (Steel Partners Holdings LP)
1854,SPMD,SPMD (SUPERMEDIA INC.)
1855,SPN,SPN (Superior Energy Services Inc)
1856,SPPI,SPPI (Spectrum Pharmaceuticals Inc)
1857,SPR,SPR (Spirit AeroSystems Holdings Inc)
1858,SPSC,SPSC (SPS Commerce Inc)
1859,SPTN,SPTN (SpartanNash Co)
1860,SPWR,SPWR (SunPower Corp)
1861,SPXC,SPXC (SPX Corp)
1862,SQ,SQ (Square Inc)
1863,SR,SR (Spire Inc)
1864,SRC,SRC (Spirit Realty Capital Inc)
1865,SRCE,SRCE (1st Source Corp)
1866,SRCI,SRCI (SRC Energy Inc)
1867,SRCL,SRCL (Stericycle Inc)
1868,SRDX,SRDX (SurModics Inc)
1869,SRE,SRE (Sempra Energy)
1870,SRG,SRG (Seritage Growth Properties)
1871,SRI,SRI (Stoneridge Inc)
1872,SRLP,SRLP (Sprague Resources LP)
1873,SRPT,SRPT (Sarepta Therapeutics Inc)
1874,SSB,SSB (South State Corp)
1875,SSD,SSD (Simpson Manufacturing Co Inc)
1876,SSNC,SSNC (SS&C Technologies Holdings Inc)
1877,SSP,SSP (E. W. Scripps Co)
1878,SSTK,SSTK (Shutterstock Inc)
1879,ST,ST (Sensata Technologies Holding NV)
1880,STAA,STAA (STAAR Surgical Co)
1881,STAG,STAG (STAG Industrial Inc)
1882,STAR,STAR (iStar Inc)
1883,STAY,STAY (Extended Stay America Inc)
1884,STBA,STBA (S&T Bancorp Inc)
1885,STC,STC (Stewart Information Services Corp)
1886,STE,STE (STERIS plc)
1887,STFC,STFC (State Auto Financial Corp)
1888,STI,STI (SunTrust Banks Inc)
1889,STKL,STKL (Sunopta Inc)
1890,STL,STL (Sterling Bancorp)
1891,STLD,STLD (Steel Dynamics Inc)
1892,STMP,STMP (Stamps.Com Inc)
1893,STOR,STOR (Store Capital Corp)
1894,STRA,STRA (Strayer Education Inc)
1895,STT,STT (State Street Corp)
1896,STWD,STWD (Starwood Property Trust Inc)
1897,STX,STX (Seagate Technology PLC)
1898,STZ,STZ (Constellation Brands Inc)
1899,SUI,SUI (Sun Communities Inc)
1900,SUM,SUM (Summit Materials Inc)
1901,SUN,SUN (Sunoco LP)
1902,SUP,SUP (Superior Industries International Inc)
1903,SUPN,SUPN (Supernus Pharmaceuticals Inc)
1904,SWK,SWK (Stanley Black & Decker Inc)
1905,SWKS,SWKS (Skyworks Solutions Inc)
1906,SWM,SWM (Schweitzer-Mauduit International Inc)
1907,SWN,SWN (Southwestern Energy Co)
1908,SWX,SWX (Southwest Gas Holdings Inc)
1909,SXC,SXC (SunCoke Energy Inc)
1910,SXCP,SXCP (SunCoke Energy Partners LP)
1911,SXI,SXI (Standex International Corp)
1912,SXT,SXT (Sensient Technologies Corp)
1913,SYBT,SYBT (Stock Yards Bancorp Inc)
1914,SYF,SYF (Synchrony Financial)
1915,SYK,SYK (Stryker Corp)
1916,SYKE,SYKE (Sykes Enterprises Inc)
1917,SYMC,SYMC (Symantec Corp)
1918,SYNA,SYNA (Synaptics Inc)
1919,SYNH,SYNH (Syneos Health Inc)
1920,SYX,SYX (Systemax Inc)
1921,SYY,SYY (Sysco Corp)
1922,T,T (AT&T Inc)
1923,TAP,TAP (Molson Coors Brewing Co)
1924,TAST,TAST (Carrols Restaurant Group Inc)
1925,TBBK,TBBK (Bancorp Inc)
1926,TBI,TBI (TrueBlue Inc)
1927,TBK,TBK (Triumph Bancorp Inc)
1928,TBPH,TBPH (Theravance Biopharma Inc)
1929,TCBI,TCBI (Texas Capital Bancshares Inc)
1930,TCBK,TCBK (Trico Bancshares)
1931,TCMD,TCMD (Tactile Systems Technology Inc)
1932,TCO,TCO (Taubman Centers Inc)
1933,TCP,TCP (TC PipeLines LP)
1934,TCX,TCX (Tucows Inc)
1935,TDC,TDC (Teradata Corp)
1936,TDG,TDG (TransDigm Group Inc)
1937,TDOC,TDOC (Teladoc Inc)
1938,TDS,TDS (Telephone and Data Systems Inc)
1939,TDW,TDW (Tidewater Inc)
1940,TDY,TDY (Teledyne Technologies Inc)
1941,TECD,TECD (Tech Data Corp)
1942,TECH,TECH (Bio-Techne Corp)
1943,TEL,TEL (TE Connectivity Ltd)
1944,TELL,TELL (Tellurian Inc)
1945,TEN,TEN (Tenneco Inc)
1946,TER,TER (Teradyne Inc)
1947,TERP,TERP (TerraForm Power Inc)
1948,TEVA,TEVA (Teva Pharmaceutical Industries Ltd)
1949,TEX,TEX (Terex Corp)
1950,TFSL,TFSL (TFS Financial Corp)
1951,TFX,TFX (Teleflex Inc)
1952,TG,TG (Tredegar Corp)
1953,TGE,TGE (Tallgrass Energy GP LP)
1954,TGI,TGI (Triumph Group Inc)
1955,TGNA,TGNA (Tegna Inc)
1956,TGT,TGT (Target Corp)
1957,THC,THC (Tenet Healthcare Corp)
1958,THFF,THFF (First Financial Corp)
1959,THG,THG (Hanover Insurance Group Inc)
1960,THO,THO (Thor Industries Inc)
1961,THR,THR (Thermon Group Holdings Inc)
1962,THRM,THRM (Gentherm Inc)
1963,THS,THS (TreeHouse Foods Inc)
1964,TIER,TIER (TIER REIT Inc)
1965,TIF,TIF (Tiffany & Co)
1966,TILE,TILE (Interface Inc)
1967,TISI,TISI (Team Inc)
1968,TIVO,TIVO (TiVo Corp)
1969,TJX,TJX (TJX Companies Inc)
1970,TKR,TKR (Timken Co)
1971,TLRD,TLRD (Tailored Brands Inc)
1972,TLYS,TLYS (Tillys Inc)
1973,TMHC,TMHC (Taylor Morrison Home Corp)
1974,TMK,TMK (Torchmark Corp)
1975,TMO,TMO (Thermo Fisher Scientific Inc)
1976,TMP,TMP (Tompkins Financial Corp)
1977,TMST,TMST (TimkenSteel Corp)
1978,TMUS,TMUS (T-Mobile US Inc)
1979,TNC,TNC (Tennant Co)
1980,TNDM,TNDM (Tandem Diabetes Care Inc)
1981,TNET,TNET (TriNet Group Inc)
1982,TOL,TOL (Toll Brothers Inc)
1983,TOWR,TOWR (Tower International Inc)
1984,TPB,TPB (Turning Point Brands Inc)
1985,TPC,TPC (Tutor Perini Corp)
1986,TPH,TPH (TRI Pointe Group Inc)
1987,TPIC,TPIC (TPI Composites Inc)
1988,TPL,TPL (Texas Pacific Land Trust)
1989,TPR,TPR (Tapestry Inc)
1990,TPRE,TPRE (Third Point Reinsurance Ltd)
1991,TPX,TPX (Tempur Sealy International Inc)
1992,TR,TR (Tootsie Roll Industries Inc)
1993,TRCO,TRCO (Tribune Media Co)
1994,TREE,TREE (LendingTree Inc)
1995,TREX,TREX (Trex Company Inc)
1996,TRGP,TRGP (Targa Resources Corp)
1997,TRIP,TRIP (TripAdvisor Inc)
1998,TRK,TRK (Speedway Motorsports Inc)
1999,TRMB,TRMB (Trimble Inc)
2000,TRMK,TRMK (Trustmark Corp)
2001,TRN,TRN (Trinity Industries Inc)
2002,TRNO,TRNO (Terreno Realty Corp)
2003,TROW,TROW (T. Rowe Price Group Inc)
2004,TROX,TROX (Tronox Ltd)
2005,TRS,TRS (TriMas Corp)
2006,TRST,TRST (TrustCo Bank Corp N Y)
2007,TRTN,TRTN (Triton International Ltd)
2008,TRTX,TRTX (TPG RE Finance Trust Inc)
2009,TRU,TRU (TransUnion)
2010,TRUE,TRUE (TrueCar Inc)
2011,TRUP,TRUP (Trupanion Inc)
2012,TRV,TRV (Travelers Companies Inc)
2013,TRXC,TRXC (Transenterix Inc)
2014,TSC,TSC (TriState Capital Holdings Inc)
2015,TSCO,TSCO (Tractor Supply Co)
2016,TSE,TSE (Trinseo SA)
2017,TSLA,TSLA (Tesla Inc)
2018,TSN,TSN (Tyson Foods Inc)
2019,TSS,TSS (Total System Services Inc)
2020,TTC,TTC (Toro Co)
2021,TTD,TTD (Trade Desk Inc)
2022,TTEC,TTEC (TTEC Holdings Inc)
2023,TTEK,TTEK (Tetra Tech Inc)
2024,TTGT,TTGT (TechTarget Inc)
2025,TTMI,TTMI (TTM Technologies Inc)
2026,TTWO,TTWO (Take-Two Interactive Software Inc)
2027,TUP,TUP (Tupperware Brands Corp)
2028,TUSK,TUSK (Mammoth Energy Services Inc)
2029,TVPT,TVPT (Travelport Worldwide Ltd)
2030,TVTY,TVTY (Tivity Health Inc)
2031,TWLO,TWLO (Twilio Inc)
2032,TWNK,TWNK (Hostess Brands Inc)
2033,TWO,TWO (Two Harbors Investment Corp)
2034,TWOU,TWOU (2U Inc)
2035,TWTR,TWTR (Twitter Inc)
2036,TXMD,TXMD (TherapeuticsMD Inc)
2037,TXN,TXN (Texas Instruments Inc)
2038,TXRH,TXRH (Texas Roadhouse Inc)
2039,TXT,TXT (Textron Inc)
2040,TYL,TYL (Tyler Technologies Inc)
2041,TYPE,TYPE (Monotype Imaging Holdings Inc)
2042,UA,UA (Under Armour Inc)
2043,UAL,UAL (United Continental Holdings Inc)
2044,UBNK,UBNK (United Financial Bancorp Inc)
2045,UBNT,UBNT (Ubiquiti Networks Inc)
2046,UBP,UBP (Urstadt Biddle Properties Inc)
2047,UBSH,UBSH (Union Bankshares Corp)
2048,UBSI,UBSI (United Bankshares Inc)
2049,UCBI,UCBI (United Community Banks Inc)
2050,UDR,UDR (UDR Inc)
2051,UE,UE (Urban Edge Properties)
2052,UFCS,UFCS (United Fire Group Inc)
2053,UFPI,UFPI (Universal Forest Products Inc)
2054,UFS,UFS (Domtar Corp)
2055,UGI,UGI (UGI Corp)
2056,UHAL,UHAL (Amerco)
2057,UHS,UHS (Universal Health Services Inc)
2058,UHT,UHT (Universal Health Realty Income Trust)
2059,UIHC,UIHC (United Insurance Holdings Corp)
2060,UIS,UIS (Unisys Corp)
2061,ULH,ULH (Universal Logistics Holdings Inc)
2062,ULTA,ULTA (Ulta Beauty Inc)
2063,ULTI,ULTI (Ultimate Software Group Inc)
2064,UMBF,UMBF (UMB Financial Corp)
2065,UMH,UMH (UMH Properties Inc)
2066,UMPQ,UMPQ (Umpqua Holdings Corp)
2067,UNF,UNF (UniFirst Corp)
2068,UNFI,UNFI (United Natural Foods Inc)
2069,UNH,UNH (UnitedHealth Group Inc)
2070,UNIT,UNIT (Uniti Group Inc)
2071,UNM,UNM (Unum Group)
2072,UNP,UNP (Union Pacific Corp)
2073,UNT,UNT (Unit Corp)
2074,UNVR,UNVR (Univar Inc)
2075,UPLD,UPLD (Upland Software Inc)
2076,UPS,UPS (United Parcel Service Inc)
2077,URBN,URBN (Urban Outfitters Inc)
2078,URI,URI (United Rentals Inc)
2079,USB,USB (U.S. Bancorp)
2080,USCR,USCR (US Concrete Inc)
2081,USFD,USFD (US Foods Holding Corp)
2082,USG,USG (USG Corp)
2083,USM,USM (United States Cellular Corp)
2084,USNA,USNA (USANA Health Sciences Inc)
2085,USPH,USPH (U.S. Physical Therapy Inc)
2086,UTHR,UTHR (United Therapeutics Corp)
2087,UTL,UTL (Unitil Corp)
2088,UTX,UTX (United Technologies Corp)
2089,UVE,UVE (Universal Insurance Holdings Inc)
2090,UVSP,UVSP (Univest Corporation of Pennsylvania)
2091,UVV,UVV (Universal Corp)
2092,V,V (Visa Inc)
2093,VAC,VAC (Marriott Vacations Worldwide Corp)
2094,VAR,VAR (Varian Medical Systems Inc)
2095,VBTX,VBTX (Veritex Holdings Inc)
2096,VC,VC (Visteon Corp)
2097,VCRA,VCRA (Vocera Communications Inc)
2098,VCTR,VCTR (Victory Capital Holdings Inc)
2099,VEEV,VEEV (Veeva Systems Inc)
2100,VER,VER (Vereit Inc)
2101,VFC,VFC (VF Corp)
2102,VG,VG (Vonage Holdings Corp)
2103,VGR,VGR (Vector Group Ltd)
2104,VHI,VHI (Valhi Inc)
2105,VIA,VIA (Viacom Inc)
2106,VIAV,VIAV (Viavi Solutions Inc)
2107,VICR,VICR (Vicor Corp)
2108,VIRT,VIRT (Virtu Financial Inc)
2109,VIVO,VIVO (Meridian Bioscience Inc)
2110,VKTX,VKTX (Viking Therapeutics Inc)
2111,VLO,VLO (Valero Energy Corp)
2112,VLY,VLY (Valley National Bancorp)
2113,VMC,VMC (Vulcan Materials Co)
2114,VMI,VMI (Valmont Industries Inc)
2115,VMW,VMW (VMware Inc)
2116,VNDA,VNDA (Vanda Pharmaceuticals Inc)
2117,VNO,VNO (Vornado Realty Trust)
2118,VNOM,VNOM (Viper Energy Partners LP)
2119,VNTR,VNTR (Venator Materials PLC)
2120,VOYA,VOYA (Voya Financial Inc)
2121,VRAY,VRAY (Viewray Inc)
2122,VREX,VREX (Varex Imaging Corp)
2123,VRNS,VRNS (Varonis Systems Inc)
2124,VRNT,VRNT (Verint Systems Inc)
2125,VRS,VRS (Verso Corp)
2126,VRSK,VRSK (Verisk Analytics Inc)
2127,VRSN,VRSN (Verisign Inc)
2128,VRTS,VRTS (Virtus Investment Partners Inc)
2129,VRTU,VRTU (Virtusa Corp)
2130,VRTV,VRTV (Veritiv Corp)
2131,VRTX,VRTX (Vertex Pharmaceuticals Inc)
2132,VSAT,VSAT (ViaSat Inc)
2133,VSH,VSH (Vishay Intertechnology Inc)
2134,VSLR,VSLR (Vivint Solar Inc)
2135,VSM,VSM (Versum Materials Inc)
2136,VST,VST (Vistra Energy Corp)
2137,VSTO,VSTO (Vista Outdoor Inc)
2138,VTR,VTR (Ventas Inc)
2139,VVI,VVI (Viad Corp)
2140,VVV,VVV (Valvoline Inc)
2141,VZ,VZ (Verizon Communications Inc)
2142,W,W (Wayfair Inc)
2143,WAB,WAB (Westinghouse Air Brake Technologies Corp)
2144,WABC,WABC (Westamerica Bancorp)
2145,WAFD,WAFD (Washington Federal Inc)
2146,WAGE,WAGE (WageWorks Inc)
2147,WAIR,WAIR (Wesco Aircraft Holdings Inc)
2148,WAL,WAL (Western Alliance Bancorp)
2149,WASH,WASH (Washington Trust Bancorp Inc)
2150,WAT,WAT (Waters Corp)
2151,WBA,WBA (Walgreens Boots Alliance Inc)
2152,WBC,WBC (WABCO Holdings Inc)
2153,WBS,WBS (Webster Financial Corp)
2154,WBT,WBT (Welbilt Inc)
2155,WCC,WCC (Wesco International Inc)
2156,WCG,WCG (WellCare Health Plans Inc)
2157,WCN,WCN (Waste Connections Inc)
2158,WD,WD (Walker & Dunlop Inc)
2159,WDAY,WDAY (Workday Inc)
2160,WDC,WDC (Western Digital Corp)
2161,WDFC,WDFC (WD-40 Co)
2162,WDR,WDR (Waddell & Reed Financial Inc)
2163,WEC,WEC (WEC Energy Group Inc)
2164,WELL,WELL (Welltower Inc)
2165,WEN,WEN (Wendys Co)
2166,WERN,WERN (Werner Enterprises Inc)
2167,WETF,WETF (WisdomTree Investments Inc)
2168,WEX,WEX (WEX Inc)
2169,WFC,WFC (Wells Fargo & Co)
2170,WFT,WFT (Weatherford International plc)
2171,WGO,WGO (Winnebago Industries Inc)
2172,WH,WH (Wyndham Hotels & Resorts Inc)
2173,WHD,WHD (Cactus Inc)
2174,WHR,WHR (Whirlpool Corp)
2175,WIFI,WIFI (Boingo Wireless Inc)
2176,WINA,WINA (Winmark Corp)
2177,WING,WING (Wingstop Inc)
2178,WIRE,WIRE (Encore Wire Corp)
2179,WK,WK (Workiva Inc)
2180,WLH,WLH (William Lyon Homes)
2181,WLK,WLK (Westlake Chemical Corp)
2182,WLKP,WLKP (Westlake Chemical Partners LP)
2183,WLL,WLL (Whiting Petroleum Corp)
2184,WLTW,WLTW (Willis Towers Watson PLC)
2185,WM,WM (Waste Management Inc)
2186,WMB,WMB (Williams Companies Inc)
2187,WMK,WMK (Weis Markets Inc)
2188,WMS,WMS (Advanced Drainage Systems Inc)
2189,WMT,WMT (Walmart Inc)
2190,WOR,WOR (Worthington Industries Inc)
2191,WOW,WOW (WideOpenWest Inc)
2192,WP,WP (Worldpay Inc)
2193,WPC,WPC (WP Carey Inc)
2194,WPG,WPG (Washington Prime Group Inc)
2195,WPX,WPX (WPX Energy Inc)
2196,WRB,WRB (W. R. Berkley Corp)
2197,WRE,WRE (Washington Real Estate Investment Trust)
2198,WRI,WRI (Weingarten Realty Investors)
2199,WRK,WRK (Westrock Co)
2200,WRLD,WRLD (World Acceptance Corp)
2201,WSBC,WSBC (WesBanco Inc)
2202,WSC,WSC (Platinum Eagle Acquisition Corp)
2203,WSFS,WSFS (WSFS Financial Corp)
2204,WSM,WSM (Williams-Sonoma Inc)
2205,WSO,WSO (Watsco Inc)
2206,WSR,WSR (Whitestone REIT)
2207,WST,WST (West Pharmaceutical Services Inc)
2208,WTFC,WTFC (Wintrust Financial Corp)
2209,WTI,WTI (W&T Offshore Inc)
2210,WTM,WTM (White Mountains Insurance Group Ltd)
2211,WTR,WTR (Aqua America Inc)
2212,WTS,WTS (Watts Water Technologies Inc)
2213,WTTR,WTTR (Select Energy Services Inc)
2214,WTW,WTW (Weightwatchers International Inc.)
2215,WU,WU (Western Union Co)
2216,WVE,WVE (WAVE Life Sciences Ltd)
2217,WWD,WWD (Woodward Inc)
2218,WWE,WWE (World Wrestling Entertainment Inc)
2219,WWW,WWW (Wolverine World Wide Inc)
2220,WY,WY (Weyerhaeuser Co)
2221,WYND,WYND (Wyndham Worldwide Corp)
2222,WYNN,WYNN (Wynn Resorts Ltd)
2223,X,X (United States Steel Corp)
2224,XEC,XEC (Cimarex Energy Co)
2225,XEL,XEL (Xcel Energy Inc)
2226,XELA,XELA (Exela Technologies Inc)
2227,XENT,XENT (Intersect ENT Inc)
2228,XHR,XHR (Xenia Hotels & Resorts Inc)
2229,XLNX,XLNX (Xilinx Inc)
2230,XLRN,XLRN (Acceleron Pharma Inc)
2231,XNCR,XNCR (Xencor Inc)
2232,XOG,XOG (Extraction Oil & Gas Inc)
2233,XOM,XOM (Exxon Mobil Corp)
2234,XON,XON (Intrexon Corp)
2235,XPER,XPER (Xperi Corp)
2236,XPO,XPO (XPO Logistics Inc)
2237,XRAY,XRAY (Dentsply Sirona Inc)
2238,XRX,XRX (Xerox Corp)
2239,XYL,XYL (Xylem Inc)
2240,Y,Y (Alleghany Corp)
2241,YELP,YELP (Yelp Inc)
2242,YEXT,YEXT (Yext Inc)
2243,YRIV,YRIV (Yangtze River Development Ltd)
2244,YUM,YUM (Yum! Brands Inc)
2245,YUMC,YUMC (Yum China Holdings Inc)
2246,ZAYO,ZAYO (Zayo Group Holdings Inc)
2247,ZBH,ZBH (Zimmer Biomet Holdings Inc)
2248,ZBRA,ZBRA (Zebra Technologies Corp)
2249,ZEN,ZEN (Zendesk Inc)
2250,ZG,ZG (Zillow Group Inc)
2251,ZGNX,ZGNX (Zogenix Inc)
2252,ZION,ZION (Zions Bancorp)
2253,ZNGA,ZNGA (Zynga Inc)
2254,ZTS,ZTS (Zoetis Inc)
2255,ZUMZ,ZUMZ (Zumiez Inc)
2256,ZUO,ZUO (Zuora Inc)
2257,ELAN,ELAN (Elanco Animal Health Inc)
2258,GOOG,GOOG (Alphabet Inc)
2259,NBEV,NBEV (New Age Beverages Corp)
2260,BRK.B,BRK.B (Berkshire Hathaway Inc)
2261,UAA,UAA (Under Armour Inc)
2262,Z,Z (Zillow Group Inc)
2263,FOXA,FOXA (Twenty-First Century Fox Inc)
2264,PYX,PYX (Alliance One International Inc)
2265,AAOI,AAOI (Applied Optoelectronics Inc)
2266,RIOT,RIOT (Riot Blockchain Inc)
2267,FTR,FTR (Frontier Communications Corp)
2268,WATT,WATT (Energous Corp)
2269,HEAR,HEAR (Turtle Beach Corp)
2270,AMRS,AMRS (Amyris Inc)
2271,KNDI,KNDI (Kandi Technologies Group Inc)
2272,ARLO,ARLO (Arlo Technologies Inc)
2273,CYH,CYH (Community Health Systems Inc)
2274,MNKD,MNKD (MannKind Corp)
2275,VIAB,VIAB (Viacom Inc)
2276,SONO,SONO (Sonos Inc)
2277,PLUG,PLUG (Plug Power Inc)
2278,LCI,LCI (Lannett Company Inc)
2279,DBD,DBD (Diebold Nixdorf Inc)
2280,CRMD,CRMD (CorMedix Inc)
2281,CRBP,CRBP (Corbus Pharmaceuticals Holdings Inc)
2282,ZIOP,ZIOP (ZIOPHARM Oncology Inc)
2283,PTI,PTI (Proteostasis Therapeutics Inc)
2284,ENPH,ENPH (Enphase Energy Inc)
2285,GWPH,GWPH (GW Pharmaceuticals PLC)
2286,ACRX,ACRX (AcelRx Pharmaceuticals Inc)
2287,AVEO,AVEO (Aveo Pharmaceuticals Inc)
2288,QHC,QHC (Quorum Health Corp)
2289,GNC,GNC (GNC Holdings Inc)
2290,MPO,MPO (Midstates Petroleum Company Inc)
2291,APRN,APRN (Blue Apron Holdings Inc)
2292,VHC,VHC (VirnetX Holding Corp)
2293,GERN,GERN (Geron Corp)
2294,USAT,USAT (USA Technologies Inc)
2295,TGTX,TGTX (TG Therapeutics Inc)
2296,DAKT,DAKT (Daktronics Inc)
2297,MXWL,MXWL (Maxwell Technologies Inc)
2298,LOCO,LOCO (El Pollo Loco Holdings Inc)
2299,DFRG,DFRG (Del Frisco's Restaurant Group Inc)
2300,GOGO,GOGO (Gogo Inc)
2301,MEET,MEET (Meet Group Inc)
2302,ARQL,ARQL (ArQule Inc)
2303,FWONK,FWONK (Liberty Media Corp)
2304,CNAT,CNAT (Conatus Pharmaceuticals Inc)
2305,SKT,SKT (Tanger Factory Outlet Centers Inc)
2306,XXII,XXII (22nd Century Group Inc)
2307,NIHD,NIHD (NII Holdings Inc)
2308,CHUY,CHUY (Chuy's Holdings Inc)
2309,ZYNE,ZYNE (Zynerba Pharmaceuticals Inc)
2310,SESN,SESN (Eleven Biotherapeutics Inc)
2311,VSI,VSI (Vitamin Shoppe Inc)
2312,CWEN,CWEN (NRG Yield Inc)
2313,IPI,IPI (Intrepid Potash Inc)
2314,BRS,BRS (Bristow Group Inc)
2315,LL,LL (Lumber Liquidators Holdings Inc)
2316,YRCW,YRCW (YRC Worldwide Inc)
2317,AGEN,AGEN (Agenus Inc)
2318,PDFS,PDFS (PDF Solutions Inc)
2319,BLNK,BLNK (Blink Charging Co)
2320,INSG,INSG (Inseego Corp)
2321,LEAF,LEAF (Leaf Group Ltd)
2322,AKCA,AKCA (Akcea Therapeutics Inc)
2323,ENT,ENT (Global Eagle Entertainment Inc)
2324,PIR,PIR (Pier 1 Imports Inc)
2325,CLMT,CLMT (Calumet Specialty Products Partners LP)
2326,MAXR,MAXR (Maxar Technologies Ltd)
2327,GTN,GTN (Gray Television Inc)
2328,QRTEA,QRTEA (Liberty Interactive Corp)
2329,UCTT,UCTT (Ultra Clean Holdings Inc)
2330,MX,MX (MagnaChip Semiconductor Corp)
2331,AVLR,AVLR (Avalara Inc)
2332,KODK,KODK (Eastman Kodak Co)
2333,PTE,PTE (Polarityte Inc)
2334,NPTN,NPTN (NeoPhotonics Corp)
2335,TRVN,TRVN (Trevena Inc)
2336,ALT,ALT (Altimmune Inc)
2337,SENS,SENS (Senseonics Holdings Inc)
2338,FCEL,FCEL (FuelCell Energy Inc)
2339,PI,PI (Impinj Inc)
2340,AQMS,AQMS (Aqua Metals Inc)
2341,BDSI,BDSI (BioDelivery Sciences International Inc)
2342,SWCH,SWCH (Switch Inc)
2343,ARAY,ARAY (Accuray Inc)
2344,RST,RST (Rosetta Stone Inc)
2345,PXLW,PXLW (Pixelworks Inc)
2346,TWI,TWI (Titan International Inc)
2347,CALX,CALX (Calix Inc)
2348,FTD,FTD (FTD Companies Inc)
2349,HABT,HABT (Habit Restaurants Inc)
2350,CAI,CAI (CAI International Inc)
2351,AMRX,AMRX (Amneal Pharmaceuticals Inc)
2352,NLS,NLS (Nautilus Inc)
2353,BZH,BZH (Beazer Homes USA Inc)
2354,RRGB,RRGB (Red Robin Gourmet Burgers Inc)
2355,UEC,UEC (Uranium Energy Corp)
2356,QTNT,QTNT (Quotient Ltd)
2357,IMMR,IMMR (Immersion Corp)
2358,OCN,OCN (Ocwen Financial Corp)
2359,DISCK,DISCK (Discovery Inc)
2360,UEPS,UEPS (Net 1 UEPS Technologies Inc)
2361,MFIN,MFIN (Medallion Financial Corp)
2362,VSTM,VSTM (Verastem Inc)
2363,ATEN,ATEN (A10 Networks Inc)
2364,RUBI,RUBI (Rubicon Project Inc)
2365,VUZI,VUZI (Vuzix Corp)
2366,DRV,DRV (Debt Resolve Inc)
2367,CLDX,CLDX (Celldex Therapeutics Inc)
2368,FTK,FTK (Flotek Industries Inc)
2369,SREV,SREV (ServiceSource International Inc)
2370,TTOO,TTOO (T2 Biosystems Inc)
2371,PEIX,PEIX (Pacific Ethanol Inc)
2372,ADMP,ADMP (Adamis Pharmaceuticals Corp)
2373,APPS,APPS (Digital Turbine Inc)
2374,VCEL,VCEL (Vericel Corp)
2375,TLRA,TLRA (Telaria Inc)
2376,IVC,IVC (Invacare Corp)
2377,EB,"EB (Eventbrite, Inc.)"
2378,AMSC,AMSC (American Superconductor Corp)
2379,RRD,RRD (RR Donnelley & Sons Co)
2380,LE,LE (Lands End Inc)
2381,XONE,XONE (ExOne Co)
